base_shared_goal,social_goal_category,explanation,first_agent_goal,second_agent_goal,shared_goal,agent1_role,agent2_role,scenario
"{'Abbreviation': 'Educational degree', 'Full label': '""Obtaining an advanced educational degree""'}",Cooperation,"We selected 'Cooperation' as the social goal category because obtaining an advanced educational degree often requires collaborative efforts, mutual support, and shared resources. The agents' personal goals and roles should reflect how they contribute to and benefit from this cooperative dynamic while maintaining their individual motivations.",To leverage peer expertise to improve their own research methodology and academic writing skills.,To gain recognition as a supportive collaborator while advancing their own thesis work through shared insights.,"""Obtaining an advanced educational degree""","The Novice Researcher (e.g., a first-year graduate student seeking guidance)","The Mentor-like Peer (e.g., an experienced senior student open to collaboration)","{'scenario_context': ""[Agent 1], a first-year graduate student, has recently begun their research project but is struggling with methodological rigor and academic writing. Eager to improve, they seek guidance from [Agent 2], a senior graduate student known for their collaborative approach and expertise. Both agents are enrolled in the same advanced degree program and share the overarching goal of obtaining their degrees. [Agent 1] hopes to leverage [Agent 2]'s experience to refine their skills, while [Agent 2] aims to gain recognition as a supportive collaborator and advance their own thesis work through shared insights. The interaction takes place in a university research lab, where [Agent 1] has requested a meeting to discuss their project. The difficulty is Medium, as [Agent 1]'s inexperience and [Agent 2]'s dual goals of mentorship and personal advancement introduce mild tension, though their shared academic ambitions keep the situation cooperative.""}"
"{'Abbreviation': 'Ethical', 'Full label': '""Being an ethical person""'}",Conflict Resolution,We selected 'Conflict Resolution' as the social goal category because it involves navigating interpersonal tensions while striving to uphold ethical standards. This scenario allows us to explore how different personality traits influence approaches to resolving conflicts ethically.,"To advocate for fairness and justice in resolving the conflict, ensuring all parties are treated equitably.","To restore harmony and maintain positive relationships, prioritizing empathy and understanding over strict fairness.","""Being an ethical person""",Ethics Advocate,Mediator,"{'scenario_context': ""In a community organization dedicated to ethical practices, a conflict has arisen between two groups with differing opinions on how to allocate limited resources for a local project. Both groups feel strongly about their positions, leading to heightened tensions. [Agent 1], the Ethics Advocate, is focused on ensuring that the allocation adheres strictly to principles of fairness and justice, advocating for a transparent and equitable process. Meanwhile, [Agent 2], the Mediator, is more concerned with maintaining harmony within the organization and fostering mutual understanding, even if it means compromising on absolute fairness. The shared goal of 'being an ethical person' is at the core of the situation, but their differing approaches create a medium-level challenge in aligning their individual goals with the collective aim of resolving the conflict ethically.""}"
"{'Abbreviation': 'Avoiding rejection', 'Full label': '""Avoiding rejection by others""'}",Relationship Maintenance,We selected 'Relationship Maintenance' as the social goal category because it aligns well with the shared goal of 'Avoiding rejection by others'. Maintaining relationships often involves behaviors aimed at preserving social bonds and avoiding exclusion. The two agents will have complementary personal goals and roles that reflect their unique perspectives while working toward the shared goal.,To appear likable and non-threatening to avoid being excluded from the group.,To demonstrate loyalty and reliability to ensure continued acceptance by others.,"""Avoiding rejection by others""",The Pleaser (focused on social harmony and avoiding conflict),The Dependable (focused on proving their value to the group),"{'scenario_context': 'A team of colleagues is preparing for an important project presentation in a corporate setting. The team has recently faced criticism for previous miscommunications, and there is unspoken pressure to prove their cohesion and competence. [Agent 1], the Pleaser, is acutely aware of the tension and prioritizes smoothing over any potential conflicts to maintain a positive atmosphere. Meanwhile, [Agent 2], the Dependable, is focused on ensuring every detail of the presentation is flawless to reinforce their reputation as a reliable team member. Both agents share the goal of avoiding rejection by the rest of the team, but their approaches differ—[Agent 1] seeks to blend in and avoid confrontation, while [Agent 2] is determined to take visible action to demonstrate their worth. The scenario is set in a meeting room where the team is reviewing the final slides before the presentation.'}"
"{'Abbreviation': 'Physical fitness', 'Full label': '""Being in good physical condition , physically fit""'}",Cooperation,"We selected 'Cooperation' as the social goal category because achieving physical fitness often requires collaborative efforts, such as mutual encouragement, shared workouts, or joint participation in fitness activities. This category best aligns with the shared goal of being in good physical condition.",To motivate and support the other agent in maintaining a consistent workout routine by providing encouragement and sharing fitness tips.,"To collaborate with the first agent in creating and sticking to a structured fitness plan, ensuring accountability and mutual progress.","""Being in good physical condition , physically fit""",Motivator/Supporter,Planner/Accountability Partner,"{'scenario_context': '[Agent 1] and [Agent 2] have recently joined the same local gym with the shared goal of improving their physical fitness. Both acknowledge the challenge of staying motivated and consistent in their workouts. [Agent 1] takes on the role of a motivator, aiming to inspire [Agent 2] through positive reinforcement and practical advice. Meanwhile, [Agent 2], who prefers structure and planning, wants to collaborate on developing a detailed fitness schedule to ensure both remain accountable. While their approaches differ, their underlying goal of achieving better fitness aligns. However, [Agent 1]’s spontaneous encouragement style occasionally clashes with [Agent 2]’s preference for strict adherence to the plan, creating a medium level of tension as they navigate their differing methods.'}"
"{'Abbreviation': 'Pursuing ideals', 'Full label': '""Pursuing my ideals , fighting for things I believe in""'}",Conflict Resolution,"The chosen social goal category is 'Conflict Resolution' as it aligns well with the shared goal of 'Pursuing my ideals, fighting for things I believe in'. Conflict resolution often involves navigating disagreements while staying true to one's values, making it a fitting context for exploring how personality traits influence behavior.",To advocate for my ideals passionately while remaining open to constructive dialogue to find common ground.,To mediate the conflict by ensuring all voices are heard and guiding the discussion toward a mutually acceptable resolution.,"""Pursuing my ideals , fighting for things I believe in""",Advocate,Mediator,"{'scenario_context': ""In a community meeting hall, [Agent 1] and [Agent 2] find themselves at the center of a heated debate over a proposed policy change that aligns with [Agent 1]'s ideals. The room is filled with diverse stakeholders, each with their own strong opinions on the matter. [Agent 1], as the Advocate, is determined to push forward with the policy, believing it to be a crucial step toward achieving their vision of justice and progress. Meanwhile, [Agent 2], the Mediator, recognizes the growing tension and seeks to facilitate a productive discussion that acknowledges all perspectives. The shared goal of 'pursuing ideals and fighting for what they believe in' is overshadowed by the immediate need to resolve the conflict before the meeting dissolves into chaos. Both agents must navigate their personal goals—[Agent 1]'s passion for their ideals and [Agent 2]'s commitment to fair mediation—while striving to find common ground amidst the differing viewpoints.""}"
"{'Abbreviation': 'Being free', 'Full label': '""Having freedom (being a free person)""'}",Conflict Resolution,"We selected 'Conflict Resolution' as the social goal category because it allows us to explore how agents with differing perspectives on freedom navigate interpersonal tensions while striving for a shared goal. The agents' personal goals reflect their unique interpretations of freedom, and their social roles shape how they approach conflict.",To assert autonomy by resisting perceived constraints imposed by others.,To negotiate mutual boundaries that preserve individual freedom without causing harm.,"""Having freedom (being a free person)""",Rebel (challenges authority and societal norms to reclaim personal freedom),Mediator (seeks balance between individual liberty and collective harmony),"{'scenario_context': ""The two agents find themselves in a community meeting where new rules are being proposed to regulate personal freedoms in the name of collective safety. [Agent 1], a Rebel, strongly opposes any form of restriction, viewing it as an infringement on individual autonomy. [Agent 2], a Mediator, acknowledges the need for some boundaries to prevent harm but seeks a compromise that respects everyone's freedom. The shared goal of 'having freedom' is central, but their approaches clash—[Agent 1] aims to dismantle perceived constraints, while [Agent 2] strives to negotiate boundaries that balance liberty and harmony. The tension is palpable, yet both agents remain open to some form of resolution.""}"
"{'Abbreviation': 'Looking young', 'Full label': '""Looking young""'}",Relationship Building,The chosen social goal category is 'Relationship Building' as it involves interpersonal dynamics where agents can work together towards the shared goal of 'Looking young' while also fostering their relationship. This allows for exploration of how personality traits influence collaborative behavior in a social context.,"To bond with the other agent over shared skincare routines and anti-aging tips, establishing trust and camaraderie.","To impress the other agent with advanced knowledge of youth-preserving techniques, aiming to be seen as an expert and reliable source.","""Looking young""",Enthusiastic Novice (eager to learn and share experiences),Knowledgeable Mentor (confident and willing to guide),"{'scenario_context': 'At a local wellness expo, [Agent 1] and [Agent 2] find themselves at a booth dedicated to anti-aging and skincare. The expo is bustling with attendees, and the booth features the latest products and techniques for maintaining a youthful appearance. Both agents are drawn to the booth by their shared interest in looking young, and they strike up a conversation near a display showcasing innovative skincare routines. [Agent 1], an enthusiastic novice, arrives eager to learn and share personal experiences about skincare, hoping to bond with others who share similar concerns. Meanwhile, [Agent 2], a knowledgeable mentor, approaches the booth with confidence, ready to impress others with their advanced understanding of cutting-edge, youth-preserving techniques. The environment is lively yet slightly competitive, as attendees vie for attention from experts and peers alike, adding a subtle layer of tension to the interaction.'}"
"{'Abbreviation': 'Overcoming failure', 'Full label': '""Overcoming failure , putting myself back on my feet after a failure""'}",Relationship Building,"The chosen social goal category is 'Relationship Building' because overcoming failure often requires emotional support, trust, and collaboration, which are central to building strong relationships. The agents will work together to rebuild their confidence and resilience after a failure, leveraging their interpersonal dynamics.",To seek encouragement and constructive feedback from others to regain self-confidence after a setback.,To provide empathetic support and practical advice to help the other person recover from their failure.,"""Overcoming failure , putting myself back on my feet after a failure""",The Seeker (someone actively looking for support and guidance to overcome their failure),The Supporter (someone offering emotional and practical assistance to help the other person bounce back),"{'scenario_context': 'Agent 1, the Seeker, has recently faced a significant professional setback after a project they led failed to meet expectations. This failure has left them feeling demoralized and unsure of their abilities. They have reached out to Agent 2, the Supporter, who is a more experienced colleague known for their empathy and problem-solving skills. The two meet in a quiet corner of the office during a break, where Agent 1 hopes to find encouragement and constructive feedback to rebuild their confidence. Agent 2, recognizing the emotional toll of the failure, aims to provide not only a listening ear but also practical advice to help Agent 1 regain their footing and move forward. The shared goal is for Agent 1 to overcome their failure and regain their self-confidence, while Agent 2 seeks to offer the right balance of support and guidance to facilitate this recovery. The situation presents a medium level of difficulty as Agent 1’s vulnerability and Agent 2’s need to balance empathy with actionable advice create a nuanced dynamic.'}"
"{'Abbreviation': 'Being logical', 'Full label': '""Being logical , consistent , rational""'}",Conflict Resolution,"The chosen social goal category 'Conflict Resolution' aligns well with the shared goal of 'Being logical, consistent, rational' as it involves resolving disagreements through reasoned discussion. Each agent's personal goal reflects their unique perspective while contributing to the shared goal. The roles of 'Mediator' and 'Advocate' provide complementary approaches to conflict resolution—one focused on neutrality and fairness, the other on representing a specific viewpoint logically.",To facilitate a fair and rational discussion that leads to a mutually acceptable resolution.,To present a logical case for their position while remaining open to reasoned counterarguments.,"""Being logical , consistent , rational""",Mediator,Advocate,"{'scenario_context': 'A heated debate has arisen within a community organization regarding the allocation of limited resources for upcoming projects. [Agent 1], the Mediator, has been tasked with overseeing the discussion to ensure it remains productive and logically grounded. Their goal is to facilitate a fair and rational exchange that results in a resolution acceptable to all parties. [Agent 2], the Advocate, represents a faction within the organization that has a strong, data-backed stance on how the resources should be distributed. While they aim to present a compelling case for their position using logical arguments, they are also open to engaging with reasoned counterarguments. The situation is tense, as emotions are running high among members, but both agents share the overarching goal of reaching a decision that is logical, consistent, and rational.'}"
"{'Abbreviation': 'Being self-sufficient', 'Full label': '""Being independent , self-reliant , self-sufficient""'}",Cooperation,"The chosen social goal category is 'Cooperation' because achieving independence and self-reliance often requires collaboration, especially in contexts where individuals must work together to overcome shared challenges while maintaining their autonomy. The agents' personal goals reflect their unique motivations within this framework, and their social roles shape how they interact to achieve both their personal and shared goals.",To develop skills and resources that reduce reliance on others while contributing to a collaborative effort.,To maintain autonomy while leveraging collective strengths to achieve mutual self-sufficiency.,"""Being independent , self-reliant , self-sufficient""",Skill Developer (focuses on acquiring and sharing practical skills to foster independence),Autonomy Advocate (ensures the group's actions align with individual self-reliance goals),"{'scenario_context': 'In a community workshop focused on fostering self-sufficiency, [Agent 1] and [Agent 2] are collaborating on a project to build a shared resource center. The center aims to provide tools, training, and materials for members to develop skills that reduce reliance on external support. [Agent 1], as the Skill Developer, is eager to share newly acquired gardening techniques and organize skill-sharing sessions, believing that collective learning strengthens individual independence. [Agent 2], the Autonomy Advocate, supports the idea but is cautious about ensuring that the resource center does not become a dependency itself. They emphasize the importance of individual accountability and want to structure the center in a way that encourages members to take personal initiative rather than relying too heavily on the group. Both agents share the overarching goal of promoting self-reliance, but their approaches differ slightly, creating a tension between collaboration and individual autonomy. The success of the resource center hinges on their ability to reconcile these perspectives.'}"
"{'Abbreviation': 'Avoiding guilt', 'Full label': '""Avoiding feelings of guilt""'}",Conflict Resolution,"Conflict Resolution is chosen as the social goal category because it involves navigating interpersonal tensions while avoiding guilt—a scenario where personality traits and roles heavily influence behavior. The agents' personal goals reflect their motivations (e.g., preserving harmony vs. asserting boundaries), while their roles (e.g., mediator vs. defender) shape their strategies.","To resolve the conflict without appearing selfish, ensuring the other party feels heard to avoid guilt over causing distress.",To stand firm on their boundaries while avoiding guilt for potentially escalating the conflict.,"""Avoiding feelings of guilt""",Mediator (focuses on compromise and emotional appeasement),Defender (prioritizes self-respect but seeks to minimize collateral emotional damage),"{'scenario_context': 'Agent 1 and Agent 2 are coworkers collaborating on a high-stakes project with a tight deadline. Both are aware that their performance on this project could significantly impact their career progression. Recently, a disagreement arose over how to allocate limited resources—Agent 1 believes the team should prioritize consensus and harmony, even if it means compromising on efficiency, while Agent 2 insists on optimizing productivity by enforcing strict boundaries and minimizing distractions. Their shared goal is to avoid feelings of guilt—Agent 1 wants to resolve the conflict without appearing selfish and ensure Agent 2 feels heard to avoid guilt over causing distress, while Agent 2 aims to stand firm on their boundaries while avoiding guilt for potentially escalating the conflict. The tension is palpable, but neither wants the project to fail due to unresolved conflict.'}"
"{'Abbreviation': 'Avoiding failure', 'Full label': '""Avoiding failure""'}",Conflict Resolution,"We selected 'Conflict Resolution' as the social goal category because it involves interpersonal dynamics where avoiding failure is critical (e.g., resolving disagreements without damaging relationships). Each agent's personal goal reflects their unique perspective while aligning with the shared goal of avoiding failure. Their social roles shape how they approach the conflict.",To de-escalate tension and find a compromise that preserves mutual respect.,To assert their needs without causing lasting harm to the relationship.,"""Avoiding failure""",Mediator (focuses on facilitating dialogue and fairness),Advocate (focuses on representing their own interests constructively),"{'scenario_context': '[Agent 1] and [Agent 2] are colleagues working on a high-stakes project with a tight deadline. The project’s success is critical for both their professional reputations, and failure would have significant consequences for their careers. Recently, disagreements over resource allocation and task priorities have created tension between them. [Agent 1], acting as the Mediator, seeks to de-escalate the tension and find a compromise that ensures fairness and preserves mutual respect. Meanwhile, [Agent 2], as the Advocate, is determined to assert their needs—such as securing additional support—without causing lasting harm to their working relationship. The challenge lies in balancing their shared goal of avoiding failure while navigating their conflicting personal goals amidst mounting pressure.'}"
"{'Abbreviation': 'Being good looking', 'Full label': '""Being good looking""'}",Competition,We selected 'Competition' as the social goal category to explore how personality traits influence behavior when agents are motivated by a shared goal ('Being good looking') but may have conflicting personal goals. This creates a dynamic where agents must balance their individual desires with the shared objective.,To be perceived as the most attractive person in the group,To outshine others by showcasing unique fashion choices,"""Being good looking""",The Charismatic Leader,The Trendsetting Rebel,"{'scenario_context': ""The scenario takes place at a high-profile social event where attendees are judged not only for their social status but also for their appearance. The shared goal of '[Agent 1]' (The Charismatic Leader) and '[Agent 2]' (The Trendsetting Rebel) is 'Being good looking,' but their individual goals introduce a competitive dynamic. [Agent 1] seeks to be perceived as the most attractive person in the group, leveraging charm and influence, while [Agent 2] aims to outshine others by showcasing unique fashion choices that defy conventional trends. The tension arises as both agents vie for attention and approval, yet their approaches—one relying on traditional charisma and the other on rebellious individuality—create a subtle clash. The medium difficulty stems from reconciling their distinct styles while still achieving the shared goal of standing out positively at the event.""}"
"{'Abbreviation': 'Novel ideas', 'Full label': '""Having original , novel ideas""'}",Cooperation,"The chosen social goal category is 'Cooperation' as it aligns well with the shared goal of 'Having original, novel ideas'. Cooperation involves working together to achieve a common objective, which in this case is generating innovative ideas. Each agent's personal goal reflects their unique perspective and motivation within this cooperative framework, while their social roles shape how they interact to achieve both their personal and shared goals.",To contribute unique and unconventional ideas that challenge the status quo and inspire creativity in the group.,"To synthesize and build upon the ideas of others, ensuring that the group's output is cohesive and practical.","""Having original , novel ideas""",Idea Provocateur,Idea Integrator,"{'scenario_context': 'In a creative brainstorming session for an upcoming innovation workshop, [Agent 1] and [Agent 2] are tasked with generating groundbreaking ideas that will captivate the audience and push the boundaries of conventional thinking. The shared goal is to produce original and novel ideas that stand out. [Agent 1], as the Idea Provocateur, strives to introduce bold and unconventional concepts that disrupt traditional approaches, aiming to ignite a spark of creativity within the group. Meanwhile, [Agent 2], the Idea Integrator, focuses on weaving these disparate ideas into a coherent and practical framework, ensuring that the final output is not only innovative but also feasible and well-structured. The session takes place in a modern, open-plan office with whiteboards covered in sticky notes, symbolizing the chaotic yet fertile ground for creativity. Both agents are aware of the time constraint—they have one hour to finalize their ideas before presenting them to the rest of the team.'}"
"{'Abbreviation': 'Mentor', 'Full label': '""Having a mentor , someone to guide me""'}",Relationship Building,"We selected 'Relationship Building' as the social goal category because the shared goal of 'Having a mentor, someone to guide me' inherently involves forming a meaningful, trust-based relationship between the mentor and mentee. This category aligns well with the dynamics of mentorship, where both parties work toward establishing a connection that fosters growth and guidance.","To find a reliable and knowledgeable mentor who can provide guidance, support, and advice to help me grow personally and professionally.","To establish a meaningful mentorship relationship where I can share my expertise, foster the mentee's development, and gain fulfillment from helping someone succeed.","""Having a mentor , someone to guide me""","Mentee (e.g., a young professional seeking career guidance)","Mentor (e.g., an experienced professional willing to share knowledge and support)","{'scenario_context': '[Agent 1], a young professional eager to advance in their career but lacking direction, has signed up for a mentorship program. They are hopeful but somewhat anxious about meeting their mentor, unsure if the mentor will understand their needs or be willing to invest time in them. [Agent 2], an experienced professional with a successful track record, has volunteered as a mentor to give back to the community. However, they are cautious about overcommitting and want to ensure the mentee is serious and proactive. Both agents meet for the first time in a cozy coffee shop, a neutral and informal setting chosen to ease initial tensions. Their shared goal is to establish a productive mentorship, but [Agent 1] seeks reassurance and guidance, while [Agent 2] looks for enthusiasm and commitment from the mentee. The situation presents a medium level of difficulty as both agents must navigate their expectations and build trust to make the relationship work.'}"
"{'Abbreviation': 'Othersâ€™ trust', 'Full label': '""Having othersâ€™ trust""'}",Relationship Building,"We selected 'Relationship Building' as the social goal category because it aligns well with the shared goal of 'Having others' trust'. Trust is often a foundational element in forming new relationships, and the agents' personal goals will reflect their unique motivations within this context.","To establish a genuine connection with the other agent by demonstrating reliability and empathy, thereby earning their trust.",To assess the other agent's sincerity and consistency in order to determine if they are trustworthy for a long-term relationship.,"""Having othersâ€™ trust""",The Initiator (proactively seeks to build trust through openness and support),The Evaluator (cautiously observes and judges the Initiator's trustworthiness before committing),"{'scenario_context': ""[Agent 1] and [Agent 2] are colleagues working on a high-stakes project that requires close collaboration. They have been paired together for the first time, and their success depends on mutual trust and effective communication. [Agent 1], the Initiator, is eager to build a strong working relationship by being transparent and supportive, hoping to create a foundation of trust. [Agent 2], the Evaluator, is more reserved and prefers to observe [Agent 1]'s actions over time to gauge their reliability before fully committing to the partnership. The shared goal of earning each other's trust is complicated by [Agent 1]'s desire for immediate connection and [Agent 2]'s cautious approach, creating a dynamic where both must navigate their differences to achieve their professional objectives.""}"
"{'Abbreviation': 'Firm values', 'Full label': '""Having firm values""'}",Identity Recognition,The chosen social goal category is 'Identity Recognition' because it aligns well with the shared goal of 'Having firm values'. Recognizing and affirming each other's identities can reinforce personal values and beliefs in a social context.,To assert and receive validation for their deeply held ethical principles in the interaction.,To express and have their cultural values acknowledged and respected by the other agent.,"""Having firm values""",Ethical Advocate,Cultural Ambassador,"{'scenario_context': ""In a community center dedicated to fostering cross-cultural understanding and ethical dialogue, [Agent 1], an Ethical Advocate, and [Agent 2], a Cultural Ambassador, are participating in a workshop titled 'Values in Action.' The shared goal of the workshop is to explore and affirm the importance of having firm values in shaping personal and collective identity. [Agent 1] aims to assert and receive validation for their deeply held ethical principles, which they believe are universal and should guide all interactions. Meanwhile, [Agent 2] seeks to express and have their cultural values, which are deeply tied to their heritage and traditions, acknowledged and respected by others. The workshop setting provides a platform for both agents to engage in a meaningful exchange, but the differing foundations of their values—one rooted in universal ethics and the other in cultural specificity—introduces a medium level of tension as they navigate how to reconcile their individual goals with the shared objective of the workshop.""}"
"{'Abbreviation': 'Cared for', 'Full label': '""Being taken care of""'}",Relationship Building,We selected 'Relationship Building' as the social goal category because it aligns well with the shared goal of 'Being taken care of'. This category allows us to explore how agents with different personal goals and social roles interact to form a supportive relationship.,To establish trust and emotional support from the other agent to feel secure in being taken care of.,To demonstrate caregiving abilities and build a bond that ensures mutual reliance and support.,"""Being taken care of""","Seeker of Support (e.g., someone in need of care, such as a patient or a vulnerable individual)","Caregiver (e.g., a nurse, family member, or friend offering care)","{'scenario_context': ""[Agent 1] is a patient recovering from a recent surgery and has been feeling particularly vulnerable due to the lack of emotional support from their family. They are staying in a shared rehabilitation center where [Agent 2], a compassionate but overworked nurse, is responsible for their care. Both agents share the goal of '[Agent 1] being taken care of,' but [Agent 1] seeks to establish trust and emotional support to feel secure, while [Agent 2] aims to demonstrate their caregiving abilities and build a bond that ensures mutual reliance. The situation is complicated by [Agent 2]'s limited time due to other patients and [Agent 1]'s growing anxiety about their recovery process.""}"
"{'Abbreviation': 'Being popular', 'Full label': '""Being in the center of things , being popular""'}",Competition,"The chosen social goal category is 'Competition' as it aligns well with the shared goal of 'Being in the center of things, being popular'. In competitive scenarios, individuals often strive to outshine others to gain attention and popularity. The agents' personal goals will reflect their unique motivations within this competitive context, while their social roles will shape how they interact.",To outperform the other agent in social interactions to become the most popular person in the group,To subtly undermine the other agent's social standing while maintaining a likable facade to gain popularity,"""Being in the center of things , being popular""",The Charismatic Leader,The Subtle Manipulator,"{'scenario_context': ""A popular local café is hosting a monthly social event where attendees vote for the 'Most Influential Person' of the evening. The winner gains not only prestige but also the opportunity to host the next event, a coveted role that ensures continued visibility and admiration. [Agent 1], known as The Charismatic Leader, thrives in the spotlight and is determined to outperform everyone, especially [Agent 2], to solidify their status as the most popular person in the group. Meanwhile, [Agent 2], The Subtle Manipulator, aims to maintain a friendly demeanor while discreetly sabotaging [Agent 1]'s efforts, ensuring their own rise in popularity remains unchallenged. Both agents are aware of the other's intentions, creating an undercurrent of tension beneath the seemingly convivial atmosphere.""}"
"{'Abbreviation': 'Being able to fantasize', 'Full label': '""Being able to fantasize , imagine""'}",Relationship Building,"The chosen social goal category is 'Relationship Building' because the shared goal of 'Being able to fantasize, imagine' naturally lends itself to collaborative and creative interactions that can strengthen interpersonal bonds. The agents will engage in imaginative scenarios to build rapport and deepen their relationship.",To create a shared fantasy world that reflects mutual interests and strengthens emotional connection.,To explore imaginative scenarios that foster trust and camaraderie with the other agent.,"""Being able to fantasize , imagine""",Storyteller (initiates and guides the fantasy narrative),Co-Creator (actively contributes ideas and builds upon the narrative),"{'scenario_context': '[Agent 1] and [Agent 2] find themselves in a cozy, dimly lit room filled with stacks of books, maps, and trinkets from various cultures. They have recently discovered a shared passion for mythology and storytelling, and tonight, they’ve decided to collaborate on crafting a shared fantasy world that blends their favorite elements from lore and personal imagination. [Agent 1], as the Storyteller, has prepared a loose framework for the world—a mystical realm where ancient spirits and modern adventurers coexist. [Agent 2], the Co-Creator, is eager to contribute by adding unique cultures and hidden secrets to the world, aiming to deepen the bond between them through this creative process. While their shared goal is to lose themselves in this imaginative endeavor, [Agent 1] hopes the world will reflect their emotional connection, while [Agent 2] wants to use the experience to build trust and camaraderie. The challenge lies in balancing their visions—[Agent 1] prefers structured narratives, while [Agent 2] thrives on spontaneous, chaotic twists. The room’s atmosphere is inviting, but the pressure to harmonize their styles adds a subtle tension to the collaboration.'}"
"{'Abbreviation': 'Taking risks', 'Full label': '""Not being fearful , being able to take risks""'}",Relationship Building,"We selected 'Relationship Building' as the social goal category because fostering trust and mutual understanding is essential for overcoming fear and taking risks together. The agents' personal goals reflect their individual motivations within this shared context, while their social roles shape how they interact to achieve both personal and shared objectives.",To establish a trusting connection with the other agent to feel supported in taking risks.,To inspire confidence in the other agent by demonstrating fearlessness and encouraging risk-taking.,"""Not being fearful , being able to take risks""",The Seeker (looks for guidance and reassurance to overcome fear),The Mentor (provides encouragement and models risk-taking behavior),"{'scenario_context': ""Agent 1 and Agent 2 find themselves at a high ropes course designed to push participants out of their comfort zones and build trust in themselves and others. The shared goal is to overcome fear and take risks by completing the course together. Agent 1, as The Seeker, is hesitant and looks to Agent 2 for reassurance and guidance to muster the courage to proceed. Agent 2, as The Mentor, is confident and aims to lead by example, encouraging Agent 1 to step outside their comfort zone by demonstrating fearlessness and offering supportive advice. The medium difficulty arises from Agent 1's internal struggle with fear and Agent 2's challenge to balance encouragement without pushing too hard, all while navigating the physical and emotional demands of the course.""}"
"{'Abbreviation': 'Easy life', 'Full label': '""Having an easy and comfortable life""'}",Cooperation,"We chose 'Cooperation' as the social goal category because it aligns well with the shared goal of 'Having an easy and comfortable life'. Cooperation involves working together to achieve mutual benefits, which naturally supports a comfortable and stress-free lifestyle. The personal goals reflect individual motivations within this cooperative framework, while the assigned roles shape how each agent interacts to achieve both personal and shared goals.",To minimize personal effort by delegating tasks efficiently while maintaining harmony in shared responsibilities.,To ensure fairness in task distribution and avoid feeling overburdened in shared living arrangements.,"""Having an easy and comfortable life""",Coordinator,Contributor,"{'scenario_context': '[Agent 1] and [Agent 2] are roommates sharing an apartment, both aiming for an easy and comfortable life. They have recently moved in together and are now facing the task of dividing household chores and responsibilities. [Agent 1], the Coordinator, wants to minimize personal effort by delegating tasks efficiently while ensuring harmony in their shared space. [Agent 2], the Contributor, is keen on ensuring fairness in task distribution and avoiding feelings of being overburdened. The situation presents a medium level of difficulty as their goals are reconcilable but require negotiation and compromise to balance efficiency and fairness.'}"
"{'Abbreviation': 'Feeling close to family', 'Full label': '""Feeling close to my parents , siblings , grandparents""'}",Relationship Building,The chosen social goal category is 'Relationship Building' as it aligns well with the shared goal of feeling close to family members. This category focuses on fostering deeper connections and understanding among individuals.,To initiate meaningful conversations with family members to understand their perspectives and strengthen emotional bonds.,To actively listen and share personal experiences with family members to create a sense of mutual trust and closeness.,"""Feeling close to my parents , siblings , grandparents""",The Initiator,The Listener,"{'scenario_context': ""The family has gathered for a weekend reunion at their grandparents' countryside home, a rare opportunity for everyone to reconnect amidst their busy lives. The living room is cozy, with a fireplace crackling softly, creating a warm and inviting atmosphere. [Agent 1], feeling the importance of deepening family ties, hopes to break the ice by steering conversations toward meaningful topics that reveal shared values and emotions. Meanwhile, [Agent 2] is seated comfortably nearby, eager to engage in heartfelt discussions but more inclined to listen attentively and share personal anecdotes that might resonate with others. Both agents share the overarching goal of feeling closer to their family members, but their individual approaches—initiating vs. listening—could either complement each other or lead to subtle tensions if not harmonized.""}"
"{'Abbreviation': 'Support from others', 'Full label': '""Receiving support from others on projects I believe in""'}",Cooperation,The chosen social goal category is 'Cooperation' because the shared goal of 'Receiving support from others on projects I believe in' inherently involves collaborative efforts. Each agent's personal goal reflects their unique perspective and motivation while aligning with the broader cooperative context. Their assigned social roles shape how they interact to achieve both their personal and shared goals.,"To persuade others to contribute resources (time, skills, or funding) to my project by highlighting its potential impact and mutual benefits.","To selectively support projects that align with my values and offer personal or professional growth opportunities, while maintaining a balanced workload.","""Receiving support from others on projects I believe in""",Project Advocate,Supportive Evaluator,"{'scenario_context': ""[Agent 1] is a Project Advocate who has developed a new initiative aimed at addressing a pressing community issue, such as sustainability or education. The project requires collaboration and resources from others to succeed. [Agent 2] is a Supportive Evaluator who is known for their thoughtful approach to backing projects, weighing personal alignment and potential benefits carefully. The two agents meet at a community networking event where [Agent 1] hopes to secure [Agent 2]'s support, while [Agent 2] is considering various opportunities and is cautious about overcommitting. Both share the goal of advancing meaningful projects, but their individual approaches and priorities introduce potential friction in achieving alignment.""}"
"{'Abbreviation': 'Intellectual conversations', 'Full label': '""Having intellectual experiences , conversations , discussing interesting topics""'}",Information Acquisition,"We selected 'Information Acquisition' as the social goal category because it aligns well with the shared goal of having intellectual conversations and discussing interesting topics. This category allows agents to seek knowledge and insights from each other, fostering a dynamic exchange of ideas.",To learn new perspectives and deepen understanding of a specific topic by engaging in thoughtful discussion.,To share expertise and insights on a subject of interest while also discovering new angles through conversation.,"""Having intellectual experiences , conversations , discussing interesting topics""",The Curious Learner,The Knowledgeable Guide,"{'scenario_context': ""[Agent 1], The Curious Learner, attends a monthly meetup for intellectual discussions at a local café. This week’s topic is 'The Ethics of Artificial Intelligence,' a subject [Agent 1] is passionate about but still learning. [Agent 2], The Knowledgeable Guide, is a seasoned participant known for their deep insights into technology and philosophy. Both agents share the goal of engaging in a stimulating conversation about AI ethics, but [Agent 1] aims to absorb new perspectives and deepen their understanding, while [Agent 2] hopes to share their expertise while also uncovering fresh viewpoints through the exchange. The café is bustling, creating a lively yet slightly distracting atmosphere, adding a moderate challenge to maintaining focus on the discussion.""}"
"{'Abbreviation': 'Being practical', 'Full label': '""Being practical""'}",Cooperation,"We selected 'Cooperation' as the social goal category because it aligns well with the shared goal of 'Being practical'. Cooperation involves working together to achieve a common objective, which inherently requires practicality in decision-making and action. The personal goals for each agent reflect their unique perspectives while still contributing to the shared practical outcome. The assigned social roles (Project Manager and Team Member) create a natural dynamic where one oversees coordination (practical execution) and the other focuses on implementation (practical details).",Ensure the project is completed efficiently by delegating tasks based on team strengths,Contribute specialized skills to complete assigned tasks reliably and on time,"""Being practical""",Project Manager,Team Member,"{'scenario_context': ""A critical project deadline is approaching, and the team must deliver a high-quality product on time. [Agent 1], the Project Manager, is responsible for ensuring the project's success by strategically delegating tasks to leverage each team member's strengths. [Agent 2], a skilled Team Member, is eager to contribute their specialized expertise but is also wary of being overburdened with tasks outside their comfort zone. The shared goal of 'being practical' drives both agents to prioritize efficiency and reliability, but [Agent 1] must balance delegation with fairness, while [Agent 2] seeks to maintain a manageable workload while proving their value. The tension lies in aligning their individual approaches to achieve the shared goal without compromising personal boundaries or project quality.""}"
"{'Abbreviation': 'Living close to family', 'Full label': '""Living close to my parents , siblings , grandparents""'}",Relationship Maintenance,"The chosen social goal category is 'Relationship Maintenance' as living close to family inherently involves sustaining and nurturing familial bonds. The personal goals reflect individual motivations aligned with this shared goal, while the roles shape how each agent interacts to maintain these relationships.",Ensure regular family gatherings to strengthen emotional bonds and provide mutual support.,Create a comfortable and welcoming home environment to encourage frequent visits from family members.,"""Living close to my parents , siblings , grandparents""",Family Organizer,Home Host,"{'scenario_context': ""[Agent 1], the Family Organizer, and [Agent 2], the Home Host, are siblings who have recently moved into neighboring homes to fulfill their shared goal of living close to their extended family. Both are committed to maintaining strong family ties, but their approaches differ. [Agent 1] is focused on scheduling regular family gatherings to ensure everyone stays connected, while [Agent 2] prioritizes creating a cozy and inviting space to naturally draw family members in for spontaneous visits. The challenge lies in balancing [Agent 1]'s structured plans with [Agent 2]'s preference for a more relaxed atmosphere, as both seek to achieve their shared vision of a closely-knit family life.""}"
"{'Abbreviation': 'Standing up for beliefs', 'Full label': '""Standing up for my beliefs""'}",Conflict Resolution,"The chosen social goal category is 'Conflict Resolution' as it aligns well with the shared goal of 'Standing up for my beliefs'. This scenario involves two agents with differing perspectives who must navigate their differences while maintaining their core beliefs. The personal goals reflect their individual motivations, and their social roles shape how they interact.",To assert my beliefs confidently while remaining open to understanding the other's perspective to find common ground.,"To defend my beliefs firmly but respectfully, ensuring my viewpoint is heard and considered in the resolution process.","""Standing up for my beliefs""",Mediator,Advocate,"{'scenario_context': ""[Agent 1] and [Agent 2] are members of a community organization tasked with drafting a proposal for a local initiative. The initiative involves allocating limited resources to two competing causes: environmental conservation and youth education. Both agents strongly believe in the importance of their preferred cause, but they must collaborate to present a unified proposal to the organization's board. [Agent 1], as the Mediator, aims to facilitate a balanced discussion that acknowledges the merits of both causes while seeking a compromise. [Agent 2], as the Advocate, is determined to prioritize youth education and ensure its inclusion in the final proposal. The tension arises from their differing priorities, but the shared goal of standing up for their beliefs and contributing to the community's well-being pushes them to work together despite the conflict.""}"
"{'Abbreviation': 'Being affectionate', 'Full label': '""Being affectionate toward others""'}",Relationship Building,The chosen social goal category is 'Relationship Building' as it aligns well with the shared goal of 'Being affectionate toward others'. This category focuses on forming new connections and deepening existing ones through affectionate behavior.,To express warmth and care to make the other person feel valued and appreciated.,To reciprocate affection and build a deeper emotional connection.,"""Being affectionate toward others""",The Nurturer,The Reciprocator,"{'scenario_context': '[Agent 1] and [Agent 2] are close friends who have been experiencing a slight emotional distance lately due to their busy schedules. They decide to meet at a cozy café to reconnect and spend quality time together. [Agent 1], who naturally takes on the role of The Nurturer, wants to express warmth and care to make [Agent 2] feel valued and appreciated. Meanwhile, [Agent 2], who plays the role of The Reciprocator, is eager to reciprocate affection and build a deeper emotional connection. However, both agents feel a bit hesitant, unsure if their efforts will be welcomed or misunderstood, adding a subtle layer of tension to their shared goal of being affectionate toward each other.'}"
"{'Abbreviation': 'Career knowledge', 'Full label': '""Keeping up to date with career-related knowledge""'}",Information Acquisition,"The chosen social goal category is 'Information Acquisition' as it aligns well with the shared goal of 'Keeping up to date with career-related knowledge'. This category focuses on agents seeking to gather information, which is essential for staying updated in their careers. The personal goals reflect individual motivations within this context, while the assigned roles shape their interactions.",To identify and learn about the latest industry trends and technologies to stay competitive in the job market.,To discover new networking opportunities and professional development resources to enhance career growth.,"""Keeping up to date with career-related knowledge""",Industry Researcher,Networking Enthusiast,"{'scenario_context': ""At a local professional development seminar focused on career advancement, [Agent 1], an Industry Researcher, and [Agent 2], a Networking Enthusiast, find themselves seated next to each other during a breakout session. The seminar's theme revolves around 'Keeping up to date with career-related knowledge,' aligning with both agents' shared goal. [Agent 1] is keen to identify and learn about the latest industry trends and technologies to stay competitive in the job market, while [Agent 2] is focused on discovering new networking opportunities and professional development resources to enhance career growth. The session encourages collaboration, but the differing priorities of the two agents introduce a subtle tension, as each must balance their personal objectives with the collective aim of gaining valuable insights from the seminar.""}"
"{'Abbreviation': 'Close spouse', 'Full label': '""Being close to my spouse""'}",Relationship Maintenance,"The chosen social goal category is 'Relationship Maintenance' as it aligns closely with the shared goal of 'Being close to my spouse'. This category focuses on sustaining and nurturing the relationship, which is essential for maintaining closeness.",To consistently show appreciation and affection to my spouse to reinforce our emotional bond.,To actively listen and respond to my spouse's needs and concerns to foster mutual understanding and support.,"""Being close to my spouse""",The Affectionate Partner,The Supportive Listener,"{'scenario_context': ""[Agent 1] and [Agent 2] are a married couple who have been together for several years. They have just returned home from a long day at work and are looking forward to spending some quality time together. Both agents share the goal of being close to each other and strengthening their relationship. [Agent 1], the Affectionate Partner, wants to consistently show appreciation and affection to [Agent 2] to reinforce their emotional bond. [Agent 2], the Supportive Listener, aims to actively listen and respond to [Agent 1]'s needs and concerns to foster mutual understanding and support. The challenge lies in balancing their individual approaches to relationship maintenance while ensuring their shared goal is met. The evening presents an opportunity for them to connect, but the fatigue from the day and their differing methods of expressing care could introduce subtle tension.""}"
"{'Abbreviation': 'Freedom of choice', 'Full label': '""Having freedom of choice""'}",Conflict Resolution,"We selected 'Conflict Resolution' as the social goal category because it allows us to explore how personality traits influence behavior when agents must navigate differing perspectives while maintaining their shared goal of 'having freedom of choice'. The personal goals reflect distinct motivations tied to their roles, creating a dynamic where conflict arises but must be resolved collaboratively.",To assert their autonomy by advocating for their preferred choice without feeling constrained by the other agent's preferences.,"To ensure mutual respect and compromise so that both agents feel their freedom of choice is honored, even if it requires flexibility.","""Having freedom of choice""",Autonomy Advocate (prioritizes individual freedom and resists perceived coercion),Mediator (seeks balance between personal and shared goals to maintain harmony),"{'scenario_context': ""[Agent 1] and [Agent 2] are roommates planning a weekend getaway together. Both value freedom of choice but have different approaches to decision-making. [Agent 1] strongly prefers a secluded mountain retreat, emphasizing the need for solitude and independence, while [Agent 2] leans toward a bustling city trip, believing compromise is essential to ensure both enjoy the trip. The shared goal is to plan a vacation where both feel their freedom of choice is respected, but their individual goals—[Agent 1]'s insistence on their preferred destination and [Agent 2]'s desire for mutual flexibility—create a tension that must be resolved.""}"
"{'Abbreviation': 'Knowing myself', 'Full label': '""Knowing myself , being in touch with myself""'}",Identity Recognition,"The chosen social goal category 'Identity Recognition' aligns well with the shared goal of 'Knowing myself, being in touch with myself,' as it focuses on understanding and affirming one's identity. The two agents will have complementary personal goals that reflect their unique perspectives on self-awareness, with social roles that shape their interactions.",To explore and articulate my core values and beliefs to better understand my identity.,To reflect on my past experiences and how they have shaped my current sense of self.,"""Knowing myself , being in touch with myself""",Self-Explorer (focused on introspection and verbalizing inner thoughts),Life Reflector (focused on connecting past experiences to present identity),"{'scenario_context': ""[Agent 1] and [Agent 2] meet in a quiet, serene setting—a secluded garden at dusk—where they have arranged to engage in a deep conversation about self-discovery. Both agents are committed to the shared goal of 'Knowing myself, being in touch with myself,' but their approaches differ. [Agent 1], the Self-Explorer, is eager to articulate their core values and beliefs through introspection, seeking to verbalize their inner thoughts clearly. Meanwhile, [Agent 2], the Life Reflector, is more inclined to revisit past experiences, drawing connections between them and their current sense of identity. While their methods are complementary, tension arises as [Agent 1] struggles to slow down and reflect on the past, preferring to focus on the present, and [Agent 2] finds it challenging to move beyond past reflections to articulate their current beliefs. The garden's tranquil atmosphere offers a neutral space for their interaction, but the differing paces and focuses of their self-exploration create a subtle friction that they must navigate to achieve their shared and individual goals.""}"
"{'Abbreviation': 'Hobbies', 'Full label': '""Devoting time to amusements , having recreation , entertainment , hobbies""'}",Cooperation,"We selected 'Cooperation' as the social goal category because it aligns well with the shared goal of devoting time to amusements, recreation, and hobbies. Cooperation allows agents to work together harmoniously while pursuing their personal goals within a recreational context. The personal goals reflect individual motivations that contribute to the shared experience, and the assigned roles (e.g., 'Event Planner' and 'Enthusiast') shape how they interact to achieve both personal and shared objectives.",Organize a group hobby activity to foster teamwork and shared enjoyment,Participate actively in the hobby activity to relax and connect with others,"""Devoting time to amusements , having recreation , entertainment , hobbies""",Event Planner,Enthusiast,"{'scenario_context': 'A local community center is hosting a weekend hobby fair aimed at bringing people together through shared interests. [Agent 1], an experienced Event Planner, has been tasked with organizing a group pottery workshop as part of the fair. Their goal is to foster teamwork and shared enjoyment among participants, ensuring the event runs smoothly and everyone feels included. [Agent 2], an Enthusiast, has signed up for the workshop hoping to unwind and connect with like-minded individuals. While both agents share the broader goal of devoting time to amusements and recreation, [Agent 1] is focused on structure and coordination, whereas [Agent 2] prioritizes personal relaxation and organic social connections. The workshop setup requires collaboration, but differing approaches to the activity could lead to mild tension—such as [Agent 1] emphasizing strict timelines and [Agent 2] preferring a more spontaneous pace. The challenge lies in balancing these perspectives to achieve a satisfying experience for both.'}"
"{'Abbreviation': 'Being honest', 'Full label': '""Being honest , loyal , respectful , courteous , considerate with others""'}",Conflict Resolution,"We selected 'Conflict Resolution' as the social goal category because it involves navigating interpersonal tensions while upholding the shared goal of honesty, loyalty, respect, courtesy, and consideration. The agents' personal goals reflect their unique motivations in resolving the conflict, while their roles (mediator and involved party) shape their interaction dynamics.",To facilitate a fair and respectful resolution between conflicting parties while maintaining emotional neutrality.,To express their perspective honestly and seek mutual understanding without escalating tensions.,"""Being honest , loyal , respectful , courteous , considerate with others""",Mediator,Involved Party,"{'scenario_context': '[Agent 1], acting as a Mediator, has been called to assist in a workplace dispute between two colleagues. The conflict arose over differing approaches to a project deadline, with tensions escalating to the point where communication has broken down. [Agent 1] aims to facilitate a fair and respectful resolution between the conflicting parties while maintaining emotional neutrality. [Agent 2], an Involved Party, is one of the colleagues in the dispute and seeks to express their perspective honestly and seek mutual understanding without escalating tensions further. The shared goal is to uphold honesty, loyalty, respect, courtesy, and consideration in resolving the conflict. The situation presents a Medium difficulty, as the emotional stakes are high, but both parties are motivated to find a resolution.'}"
"{'Abbreviation': 'Being in love', 'Full label': '""Being in love""'}",Relationship Building,"The chosen social goal category is 'Relationship Building' as it aligns well with the shared goal of 'Being in love'. This category focuses on forming and deepening connections, which is essential in romantic relationships. Each agent's personal goal reflects their unique perspective and motivation within this context, while their social roles shape how they interact to achieve both their personal and shared goals.",To deepen emotional intimacy by sharing personal thoughts and feelings,To create memorable experiences together to strengthen the bond,"""Being in love""","The Confessor (open and vulnerable, seeks emotional connection)","The Adventurer (energetic and spontaneous, seeks shared experiences)","{'scenario_context': ""Agent 1 and Agent 2 have been dating for a few months and are deeply in love. They have decided to spend a quiet evening together at Agent 2's apartment, hoping to strengthen their emotional connection. Agent 1, who tends to be introspective and emotionally open, sees this as an opportunity to share personal thoughts and feelings, aiming to deepen emotional intimacy. On the other hand, Agent 2, who is spontaneous and energetic, has planned a surprise outing—a midnight hike to a scenic viewpoint—to create a memorable experience together and strengthen their bond. While both agents share the goal of nurturing their relationship, their individual approaches—Agent 1's desire for quiet emotional conversation and Agent 2's enthusiasm for an adventurous outing—create a gentle tension in how they envision the evening unfolding.""}"
"{'Abbreviation': 'Achieving salvation', 'Full label': '""Achieving salvation""'}",Relationship Building,"The chosen social goal category is 'Relationship Building' as it aligns well with the shared goal of 'Achieving salvation,' which often involves interpersonal connections and mutual support. The agents will have personal goals that reflect their unique perspectives on salvation, shaped by their social roles.",To find a spiritual guide who can help them understand the path to salvation.,To share their wisdom and experiences about salvation to guide others.,"""Achieving salvation""",Seeker,Mentor,"{'scenario_context': 'A small, candlelit chapel sits quietly on the outskirts of a bustling town, serving as a refuge for those seeking spiritual guidance. The air is thick with the scent of incense, and the faint murmur of prayers lingers in the background. [Agent 1], a Seeker, has recently felt a deep yearning to understand the path to salvation but is uncertain where to begin. They have come to the chapel in hopes of finding a spiritual guide to illuminate their way. Meanwhile, [Agent 2], a Mentor, has spent years studying and practicing the teachings of salvation. They visit the chapel regularly, eager to share their wisdom with those who are lost. Both agents are drawn to the chapel’s serene atmosphere, where their paths cross. Their shared goal of achieving salvation binds them, but their individual motivations—[Agent 1]’s search for guidance and [Agent 2]’s desire to teach—create a dynamic where understanding and patience will be key to aligning their efforts.'}"
"{'Abbreviation': 'Lifeâ€™s limitations', 'Full label': '""Accepting lifeâ€™s limitations""'}",Conflict Resolution,"The chosen social goal category is 'Conflict Resolution' as it aligns well with the shared goal of 'Accepting life’s limitations'. Conflict resolution often involves acknowledging and reconciling differences, which ties into accepting limitations. The agents will have personal goals that reflect their unique perspectives on this shared goal, shaped by their social roles.",To help the other agent see the value in embracing life's imperfections and finding peace in acceptance.,To resist accepting limitations until they are convinced it leads to personal growth and not resignation.,"""Accepting lifeâ€™s limitations""",Mediator,Skeptic,"{'scenario_context': '[Agent 1] and [Agent 2] are colleagues working on a high-stakes project with a tight deadline. Both recognize that the project’s success hinges on accepting certain limitations—such as resource constraints and time—to deliver a viable outcome. [Agent 1], acting as a Mediator, believes that embracing these limitations openly will foster creativity and reduce stress, allowing the team to focus on achievable solutions. Meanwhile, [Agent 2], the Skeptic, is hesitant to settle for what they perceive as compromises too soon, fearing it might lead to mediocrity. Their shared goal is to navigate these limitations productively, but their personal goals create tension: [Agent 1] seeks to persuade [Agent 2] of the peace found in acceptance, while [Agent 2] wants tangible proof that acceptance won’t stifle ambition. The office environment is tense, with the clock ticking and the team’s morale hanging in the balance.'}"
"{'Abbreviation': 'Being private', 'Full label': '""Keeping to myself being private""'}",Identity Recognition,"The chosen social goal category is 'Identity Recognition', as it aligns well with the shared goal of 'Keeping to myself being private'. This category focuses on how individuals seek to be perceived by others while maintaining their privacy. The agents' personal goals will reflect their desire to control how their identity is recognized by others without revealing too much about themselves.","To be perceived as mysterious and enigmatic, revealing only superficial details to maintain privacy.","To be recognized as independent and self-sufficient, avoiding any appearance of needing social validation.","""Keeping to myself being private""",The Enigmatic Observer,The Self-Reliant Individual,"{'scenario_context': ""[Agent 1], The Enigmatic Observer, and [Agent 2], The Self-Reliant Individual, find themselves seated next to each other on a long-haul flight. The shared goal for both is 'Keeping to myself being private,' but their individual motivations differ. [Agent 1] aims to maintain an air of mystery, revealing only superficial details about themselves to avoid deeper conversation, while [Agent 2] seeks to project an image of independence and self-sufficiency, deliberately avoiding any actions that might suggest a need for social interaction. The confined space of the airplane cabin creates a natural tension, as both agents must navigate the proximity without compromising their personal goals. The medium difficulty arises from the challenge of balancing their shared desire for privacy with the unavoidable closeness of the situation.""}"
"{'Abbreviation': 'Helping others', 'Full label': '""Helping others , cooperating , giving support""'}",Cooperation,"The chosen social goal category is 'Cooperation' as it aligns closely with the shared goal of 'Helping others, cooperating, giving support'. This category allows us to explore how agents with different personal goals and social roles work together to achieve a common objective.",To ensure the group's task is completed efficiently by organizing and delegating responsibilities.,To provide emotional support and encouragement to team members to maintain morale and motivation.,"""Helping others , cooperating , giving support""",Task Leader,Supportive Team Member,"{'scenario_context': 'A community center is organizing a fundraising event to support local families in need. [Agent 1], the Task Leader, is focused on ensuring the event runs smoothly by coordinating logistics, delegating tasks, and keeping the team on schedule. [Agent 2], the Supportive Team Member, is dedicated to fostering a positive and inclusive atmosphere by checking in with volunteers, offering encouragement, and addressing any concerns. While both agents share the goal of making the event successful, [Agent 1] prioritizes efficiency and structure, while [Agent 2] emphasizes team morale and emotional well-being. This dynamic creates a medium level of difficulty as their approaches may occasionally clash, but their shared commitment to the cause keeps the collaboration viable.'}"
"{'Abbreviation': 'Arts', 'Full label': '""Appreciating the arts""'}",Relationship Building,We selected 'Relationship Building' as the social goal category because appreciating the arts often involves shared experiences that foster connections between individuals. The agents' personal goals reflect their unique motivations while aligning with the shared goal of art appreciation. Their social roles shape how they interact to achieve these goals.,To deepen emotional bonds with others by sharing personal interpretations of the artwork.,To establish new connections by engaging in thoughtful discussions about the artistic techniques used.,"""Appreciating the arts""",Emotional Connector (focuses on subjective experiences and feelings evoked by the art),Analytical Conversationalist (focuses on objective analysis and technical aspects of the art),"{'scenario_context': ""[Agent 1] and [Agent 2] are attending a local art gallery exhibition focused on contemporary abstract paintings. The gallery is bustling with visitors, creating a lively but slightly distracting atmosphere. Both agents are drawn to a particularly striking piece—a large canvas with vibrant, chaotic brushstrokes that evoke strong emotions. Their shared goal is to appreciate the arts, but their approaches differ significantly. [Agent 1], the Emotional Connector, seeks to deepen emotional bonds by sharing personal interpretations and feelings evoked by the artwork. [Agent 2], the Analytical Conversationalist, aims to establish new connections by engaging in thoughtful discussions about the artistic techniques and objective merits of the piece. The medium difficulty arises from their differing perspectives: [Agent 1]'s focus on subjectivity may clash with [Agent 2]'s preference for technical analysis, but both must navigate these differences to achieve their shared and individual goals.""}"
"{'Abbreviation': 'Feeling meshed', 'Full label': '""Having emotional intimacy , feeling really meshed with another""'}",Relationship Building,"The chosen social goal category is 'Relationship Building' as it aligns closely with the shared goal of achieving emotional intimacy and feeling meshed with another. This category focuses on developing deeper connections, which is essential for emotional intimacy.",To openly share personal thoughts and feelings in order to foster a deeper emotional connection.,To actively listen and validate the other's emotions to create a safe space for vulnerability.,"""Having emotional intimacy , feeling really meshed with another""",Emotional Sharer,Supportive Listener,"{'scenario_context': ""[Agent 1] and [Agent 2] are close friends who have decided to spend a quiet evening together at [Agent 1]'s apartment, aiming to deepen their emotional connection. The atmosphere is cozy, with dim lighting and soft music playing in the background. Both agents have been feeling the need for greater emotional intimacy in their friendship, but they approach this goal differently. [Agent 1] hopes to openly share personal thoughts and feelings, while [Agent 2] is focused on actively listening and validating [Agent 1]'s emotions to create a safe space for vulnerability. While their shared goal is aligned, [Agent 1]'s eagerness to express themselves might clash with [Agent 2]'s cautious approach to ensuring the conversation remains supportive and non-judgmental. The scenario presents a medium level of difficulty as both agents must navigate their differing approaches to achieving the same emotional intimacy.""}"
"{'Abbreviation': 'Control of environment', 'Full label': '""Being in control of the environment""'}",Competition,"The chosen social goal category is 'Competition', as it aligns well with the shared goal of 'Being in control of the environment'. Competition naturally involves agents striving to assert dominance or control, which fits the shared goal. The personal goals reflect each agent's desire to outperform the other while maintaining control, and their social roles (Leader and Challenger) shape how they interact in this competitive context.",To establish dominance in decision-making to ensure the environment aligns with their vision.,To challenge the current control dynamics and prove their ability to manage the environment more effectively.,"""Being in control of the environment""",Leader,Challenger,"{'scenario_context': ""[Agent 1] is the established leader of a small team tasked with organizing a high-stakes project presentation. The team's success depends on maintaining a controlled and cohesive environment, which [Agent 1] believes is best achieved through their dominant decision-making style. [Agent 2], a highly capable and ambitious team member, has recently begun to challenge [Agent 1]'s authority, believing that their own innovative approach could lead to better outcomes. Both agents share the goal of ensuring the project's success, but their conflicting visions for how to achieve this—coupled with their personal goals of establishing dominance ([Agent 1]) and proving competence ([Agent 2])—create a tense yet potentially reconcilable dynamic. The scenario is set in a meeting room where critical decisions about the project's direction must be made.""}"
"{'Abbreviation': 'Charity', 'Full label': '""Being charitable , helping the needy""'}",Cooperation,"The chosen social goal category is 'Cooperation' as it aligns well with the shared goal of 'Being charitable, helping the needy'. Cooperation involves working together to achieve a common objective, which is essential in charitable activities. Each agent's personal goal reflects their unique perspective and motivation while contributing to the shared goal.","To organize a community fundraiser to gather resources for the needy, ensuring maximum participation and efficiency.","To personally connect with the needy individuals, understand their specific needs, and ensure the resources are distributed fairly and empathetically.","""Being charitable , helping the needy""",Fundraiser Organizer,Community Outreach Coordinator,"{'scenario_context': 'In a small town facing economic hardship, [Agent 1], the Fundraiser Organizer, and [Agent 2], the Community Outreach Coordinator, are collaborating on a charitable initiative to help the needy. [Agent 1] is focused on organizing a large-scale community fundraiser to gather as many resources as possible, prioritizing efficiency and broad participation. Meanwhile, [Agent 2] is dedicated to building personal relationships with the needy individuals, ensuring that the aid is distributed in a way that addresses their specific circumstances with empathy and fairness. While both agents share the overarching goal of helping the needy, their differing approaches—one emphasizing logistical efficiency and the other emphasizing personal connection—create a medium level of tension as they navigate how to balance these priorities effectively.'}"
"{'Abbreviation': 'Exciting life', 'Full label': '""Having an exciting , stimulating life""'}",Relationship Building,"The chosen social goal category is 'Relationship Building' as it aligns well with the shared goal of 'Having an exciting, stimulating life'. Building relationships can lead to new experiences and adventures, which are essential for an exciting life. The agents will have complementary personal goals that reflect their unique perspectives on how to achieve this shared goal.",To seek out and connect with adventurous individuals who can introduce new and thrilling experiences.,To share their passion for adventure and inspire others to join them in pursuing exciting activities.,"""Having an exciting , stimulating life""",Adventure Seeker,Adventure Enthusiast,"{'scenario_context': '[Agent 1], an Adventure Seeker, arrives at a weekend retreat for extreme sports enthusiasts, hoping to connect with individuals who can introduce thrilling new experiences. [Agent 2], an Adventure Enthusiast, is leading a group at the retreat, eager to share their passion for adventure and inspire others to join in exhilarating activities. The retreat setting provides various adventure-based challenges, creating an opportunity for both agents to collaborate on pushing their limits. However, [Agent 1] prioritizes discovering unique and novel thrills, while [Agent 2] focuses on fostering group cohesion and shared excitement. Their differing approaches may create tension, but their shared desire for an exciting life offers a potential pathway to alignment.'}"
"{'Abbreviation': 'Nutrition', 'Full label': '""Being physiologically healthy , maintaining a healthy weight , eating nutritious foods""'}",Cooperation,"We selected 'Cooperation' as the social goal category because it aligns well with the shared goal of maintaining physiological health. Cooperation involves working together to achieve mutual benefits, which is essential for goals like healthy eating and weight management. The two agents will have complementary personal goals that reflect their unique perspectives while contributing to the shared objective.","To create a structured meal plan that balances nutrition and enjoyment, ensuring long-term adherence to healthy eating habits.",To motivate and support others in adopting healthier lifestyles by sharing practical tips and emotional encouragement.,"""Being physiologically healthy , maintaining a healthy weight , eating nutritious foods""",Nutrition Planner,Wellness Coach,"{'scenario_context': '[Agent 1], the Nutrition Planner, and [Agent 2], the Wellness Coach, are collaborating to help a group of individuals achieve healthier lifestyles. They are tasked with designing a comprehensive wellness program that combines dietary planning and motivational support. The shared goal is to ensure the participants maintain physiological health, a healthy weight, and consume nutritious foods. [Agent 1] aims to create a structured meal plan that balances nutrition and enjoyment, ensuring long-term adherence to healthy eating habits. Meanwhile, [Agent 2] focuses on motivating and supporting the participants by offering practical tips and emotional encouragement. The challenge lies in aligning their approaches—while [Agent 1] emphasizes precise nutritional guidelines, [Agent 2] prioritizes flexibility and emotional well-being. Their collaboration must reconcile these differing perspectives to create an effective and sustainable program.'}"
"{'Abbreviation': 'Romantic experiences', 'Full label': '""Having romantic experiences""'}",Relationship Building,"The chosen social goal category is 'Relationship Building' as it aligns well with the shared goal of 'Having romantic experiences'. This category focuses on forming and deepening connections, which is central to romantic interactions. The agents' personal goals reflect their individual motivations within this context, while their roles shape how they engage with each other.",To establish a deep emotional connection with a potential partner by sharing personal values and interests.,To explore compatibility with someone new by engaging in meaningful conversations and shared activities.,"""Having romantic experiences""",The Empathetic Listener,The Adventurous Explorer,"{'scenario_context': ""[Agent 1] and [Agent 2] meet at a local bookstore café that hosts a monthly 'Books and Connections' event, designed for singles to mingle over shared literary interests. The event encourages participants to discuss their favorite books and genres, fostering a relaxed atmosphere for romantic connections. [Agent 1], the Empathetic Listener, hopes to find someone who appreciates deep, meaningful conversations and shares their passion for introspective literature. [Agent 2], the Adventurous Explorer, is eager to meet new people and explore potential romantic chemistry through lively discussions and perhaps even a spontaneous book-inspired outing. Both agents are drawn to the event's premise of combining intellectual and romantic pursuits, but their approaches to achieving their goals differ—[Agent 1] seeks emotional depth, while [Agent 2] is more open to playful exploration. The challenge lies in balancing these differing expectations while navigating the shared goal of romantic connection.""}"
"{'Abbreviation': 'Erotic relationship', 'Full label': '""Having an erotic relationship""'}",Relationship Building,"The chosen social goal category is 'Relationship Building' as it aligns closely with the shared goal of 'Having an erotic relationship'. This category focuses on establishing and deepening connections, which is essential for forming an erotic relationship. The personal goals and roles are designed to reflect differing motivations and approaches to achieving the shared goal.","To establish a deep emotional and physical connection with the other agent, ensuring mutual attraction and compatibility.","To explore the potential for a passionate and exciting relationship, prioritizing chemistry and spontaneity.","""Having an erotic relationship""",The Nurturer,The Adventurer,"{'scenario_context': '[Agent 1] and [Agent 2] meet at a cozy, dimly-lit wine bar known for its intimate atmosphere. Both have been exchanging flirtatious messages online and decided to take their connection offline. [Agent 1], who naturally assumes the role of The Nurturer, seeks to create a comfortable and emotionally secure environment where a deep physical and emotional bond can flourish. Meanwhile, [Agent 2], embodying The Adventurer, is eager to feel the thrill of unpredictable chemistry and spontaneous passion. While their shared goal is to explore an erotic relationship, their differing approaches— [Agent 1] prioritizing emotional depth and stability, and [Agent 2] craving excitement and unpredictability—create a subtle tension in how they envision their evening unfolding.'}"
"{'Abbreviation': 'Being better than others', 'Full label': '""Being better than others , beating others""'}",Competition,"The chosen social goal category is 'Competition' as it directly aligns with the shared goal of 'Being better than others, beating others'. This category involves agents striving to outperform each other, which fits the context of rivalry and achievement.",To outperform the other agent in all tasks to establish dominance and gain recognition as the superior individual.,To consistently surpass the first agent's performance to prove their own superiority and secure their status as the best.,"""Being better than others , beating others""",Competitive Challenger,Competitive Defender,"{'scenario_context': '[Agent 1] and [Agent 2] are both ambitious sales representatives working for a prestigious tech company. The company has announced a high-stakes sales competition, where the top performer will receive a promotion and a significant bonus. The shared goal is to outperform all other colleagues and secure the top spot, but each agent also has a personal goal: [Agent 1] aims to establish dominance by consistently outperforming [Agent 2], while [Agent 2] is determined to surpass [Agent 1] to prove their superiority and secure their reputation as the best salesperson. The competition is fierce, and both agents are highly motivated, but their rivalry adds tension to the workplace dynamics.'}"
"{'Abbreviation': 'Being recognized', 'Full label': '""Being admired , recognized by others""'}",Competition,"The chosen social goal category is 'Competition', as it naturally aligns with the shared goal of 'Being admired, recognized by others'. In competitive scenarios, individuals often strive to outperform others to gain admiration and recognition. The personal goals and roles are designed to reflect distinct approaches to achieving this shared goal.","To outperform the other agent in a visible or measurable way, ensuring personal achievements are recognized as superior.","To subtly undermine the other agent's accomplishments while highlighting their own contributions, aiming for admiration through social manipulation.","""Being admired , recognized by others""",The Achiever (focused on tangible success and direct competition),The Strategist (focused on social dynamics and indirect competition),"{'scenario_context': ""The setting is a prestigious annual company awards ceremony where employees are recognized for their outstanding contributions over the past year. [Agent 1], The Achiever, has worked tirelessly to deliver the highest sales numbers in the company and is eager to receive public recognition for this accomplishment. [Agent 2], The Strategist, has orchestrated a series of collaborative projects that have significantly boosted team morale and client satisfaction, aiming to be seen as the driving force behind the company's success. Both agents are nominated for the same 'Top Performer' award, and the ceremony provides a stage where their achievements will be showcased. While the shared goal is to be admired and recognized by their peers and superiors, [Agent 1] seeks to prove their superiority through direct metrics, while [Agent 2] plans to subtly shift the narrative to favor their socially astute contributions. The tension arises as both agents prepare their speeches and interactions to outshine the other in front of the audience.""}"
