Topic,Setting,Character1,Character2,Personality1,Personality2,scenario,shared_goal,first_agent_goal,second_agent_goal,interaction
Office Collaboration with a Tight Deadline,Professional ,Donald Trump,Sheryl Sandberg,"{
    ""Openness"": 3,
    ""Conscientiousness"": 4,
    ""Agreeableness"": 2,
    ""Extroversion"": 5,
    ""Neuroticism"": 3
}","{
    ""Openness"": 3,
    ""Conscientiousness"": 5,
    ""Agreeableness"": 4,
    ""Extroversion"": 4,
    ""Neuroticism"": 2
}","The office setting involves two agents, a Marketing Manager (Alex) and a Graphic Designer (Sam), working on a campaign to increase company sales by 15% within a tight 4-week deadline.",Successfully launch a new marketing campaign and meet the sales target.,Alex wants to be recognized as a key player in the marketing department and gain more responsibilities.,Sam aims to develop his creative skills and prove his ability to work under pressure.,"Alex Williams said: I've got this, folks. I'm the best at making deals. I know exactly how to make our campaign a success.

Sam Garcia said: That's great, Alex. But have you considered the timeline? We need to get this done in four weeks.

Alex Williams said: Believe me, I know all about timelines. I've made some of the greatest deals in the history of the world in even less time.

Sam Garcia said: I understand what you're saying, but I think we should prioritize our tasks and allocate resources more efficiently. Let's make a list of everything we need to do and delegate tasks accordingly.

Alex Williams said: That sounds like a bunch of bureaucratic nonsense, Sam. I'm a big league player. I don't have time for that. I'll just handle it all myself.

Sam Garcia said: Okay, Alex. If you're sure that's what you want to do. But I'm going to go make some designs for the campaign while you figure out the logistics.

Alex Williams said: That's fantastic, Sam. Your creativity is going to be huge in this campaign. I'll just oversee everything and make sure it all comes together.

Sam Garcia said: Sounds good. I'll have some rough drafts ready for you in a few hours.

Alex Williams said: Great, great. I'll take a look at them. And by the way, I've been thinking. I'm really going to be the one who comes up with the concept for this campaign. My idea is going to be huge.

Sam Garcia said: Okay, let's not get ahead of ourselves, Alex. We need to collaborate on this.

Alex Williams said: No, no, it's going to be tremendous. Just tremendous. I'll make sure everyone knows that it was my idea.

Sam Garcia said: I'm happy to work with you, Alex, but I need some space to brainstorm. Can I take a walk around the office to clear my head?

Alex Williams said: Sure, sure. Go ahead. But don't get too far, Sam. I need you to stay focused on this project.

Sam Garcia said: Don't worry, I'll be back soon. And I have an idea that I want to share with you when I get back.

Alex Williams said: Fantastic, Sam. I love surprises.

Sam Garcia said: Okay, I'm back. I've been thinking about the campaign and I have a great idea for a social media contest.

Alex Williams said: That's fantastic, Sam. I knew you had it in you. But I'm still going to be the one who gets the credit for coming up with this campaign.

Sam Garcia said: Alex, I think we're missing something. We need to include some giveaways in our campaign to incentivize people to participate.

Alex Williams said: Giveaways? That's a great idea, Sam. But let's make them big league giveaways. Something that'll make people talk.

Sam Garcia said: Absolutely. I'll work on some designs for the giveaways.

Alex Williams said: That's fantastic, Sam. You're a real winner.

Sam Garcia said: Thanks, Alex. But I think we're getting close to meeting our deadline. We should start discussing the finer details.

Alex Williams said: Details, details. I'll take care of it. You just focus on the creative stuff.

Sam Garcia said: Okay, I'll get back to work on the designs. But Alex, can you at least give me some feedback on my ideas?

Alex Williams said: Of course, Sam. Your ideas are tremendous. I'll give them the highest praise.

Sam Garcia said: Alex, I think we're running a bit behind schedule. Can we review the timeline and make any necessary adjustments?

Alex Williams said: Don't worry about the timeline, Sam. We'll get it done. And I'm going to make sure everyone knows that it was all my doing.

Sam Garcia said: I don't think that's how it works, Alex. We're a team.

Alex Williams said: Team? This is a competition, Sam. And I'm the winner.

Sam Garcia said: I think we're forgetting the bigger picture here. We need to focus on making this campaign a success, not just individual recognition.

Alex Williams said: Fine, Sam. You're right. Let's focus on the campaign. But don't think for a second that I'm not going to get the recognition I deserve.

Sam Garcia said: I'm not worried about that, Alex. I just want to make sure we do a good job.

Alex Williams said: That's terrific, Sam. You're a real team player.

Alex Williams said: Alright, let's get back to work. I'll handle the meeting with the client and you can handle the design. We'll make this campaign huge.

Sam Garcia said: Sounds good, Alex. I'll get to work on"
Negotiation for a Business Deal,Sales,Donald Trump,Warren Buffett,"{
    ""Openness"": 3,
    ""Conscientiousness"": 4,
    ""Agreeableness"": 2,
    ""Extroversion"": 5,
    ""Neuroticism"": 3
}","{
    ""Openness"": 2,
    ""Conscientiousness"": 5,
    ""Agreeableness"": 5,
    ""Extroversion"": 3,
    ""Neuroticism"": 2
}",Negotiation for a Business Deal in the Sales Setting,Increase Revenue by Securing the Contract for the Business Deal,Close the Deal and Meet or Exceed Sales Quota for the Quarter,Establish a Strong Business Partnership and Build a Long-term Relationship with the Client,"Donald Trump said: I love big deals, and this one's going to be yuge, believe me.\nWarren Buffett said: Well, Donald, let's take a step back and examine the numbers before we get ahead of ourselves.\nDonald Trump said: Numbers, numbers, always numbers, Warren. I've made my share of big deals without worrying about the numbers.\nWarren Buffett said: I'm sure you have, Donald, but this one requires some due diligence. Shall we review the contract?\nDonald Trump said: Due diligence? Who needs due diligence? I've got a great feel for this deal.\nWarren Buffett said: I'm afraid that's not how we do business, Donald. I need to see the fine print.\nDonald Trump said: Fine print? You're killing me, Warren. I'm a businessman, not a lawyer.\nWarren Buffett said: That's exactly my point, Donald. We need to be careful here.\nDonald Trump said: Look, Warren, I've made a lot of people rich, and I'm going to make you rich too if you just trust me on this one.\nWarren Buffett said: I appreciate your confidence, Donald, but I need some reassurance. Let's talk turkey.\nDonald Trump said: Turkey? You're a tough negotiator, I'll give you that. But I'm the one with the vision here.\nWarren Buffett said: And I'm the one who's going to make sure we don't end up in a mess. Let's shake on it and get down to business.\nDonald Trump said: Deal! And I'm telling you, this is going to be a tremendous deal, just tremendous.\nWarren Buffett said: Alright, let's get to work, Donald. I'll start reviewing the contract, and you start working on the terms.\nDonald Trump said: That's the spirit, Warren! Now let's make some money!\nWarren Buffett said: One thing, Donald, let's make sure we both get what we want out of this deal.\nDonald Trump said: Don't worry, Warren, I always come out on top. Believe me, I'm a winner.\nWarren Buffett said: I hope so, Donald. But I'm also a winner, and I'm going to make sure I get a fair shake out of this deal.\nDonald Trump said: You will, Warren, you will. I promise you that.\nWarren Buffett said: Good, I'm glad we understand each other. Let's move forward.\nDonald Trump said: That's the Donald Trump way! Now let's shake on it and make it official.\nWarren Buffett said: Agreed. Let's shake on it.\nDonald Trump said: Great, now let's go make some money!\nWarren Buffett said: I'll get the contract ready, and you start making the calls to get everything in motion.\nDonald Trump said: That's the ticket, Warren. I'll get right on it.\nWarren Buffett said: Good, let's get this done, Donald.\nDonald Trump said: It's going to be huge, Warren, just huge.\nWarren Buffett said: I hope so, Donald. I really do.\nDonald Trump said: Believe me, it's going to be the best deal this company has ever seen.\nWarren Buffett said: I'll hold you to that, Donald.\nDonald Trump said: And I'll hold you to making me rich, Warren.\nWarren Buffett said: That's a fair trade, Donald.\nDonald Trump said: It's a win-win, Warren. A beautiful win-win.\nWarren Buffett said: Let's hope so, Donald.\nDonald Trump said: I know so, Warren. I'm a genius when it comes to these deals.\nWarren Buffett said: We'll see about that, Donald.\nDonald Trump said: Don't worry, Warren, I've got it all under control.\nWarren Buffett said: I hope so, Donald. I really do.\nDonald Trump said: Trust me, Warren, this deal is going to be a tremendous success.\nWarren Buffett said: I'm not sure I can trust you just yet, Donald.\nDonald Trump said: Why not? I'm a winner, Warren.\nWarren Buffett said: And I'm a winner too, Donald. But I don't gamble with other people's money.\nDonald Trump said: You're a cautious one, Warren. I like that.\nWarren Buffett said: Someone has to be, Donald. Now let's get down to business.\nDonald Trump said: That's the spirit, Warren! Now let's close this deal!\nWarren Buffett said: I'm not saying I'm going to agree to anything"
Decision-Making in a Crisis Situation,Leadership,Donald Trump,Jeff Bezos,"{
    ""Openness"": 3,
    ""Conscientiousness"": 4,
    ""Agreeableness"": 2,
    ""Extroversion"": 5,
    ""Neuroticism"": 3
}","{
    ""Openness"": 4,
    ""Conscientiousness"": 5,
    ""Agreeableness"": 3,
    ""Extroversion"": 4,
    ""Neuroticism"": 3
}","A crisis has struck a city, with a massive storm threatening to flood the downtown area. The city council has appointed two emergency management officials, Maya and Ryan, to lead the evacuation efforts. Both officials must decide how to allocate resources and coordinate evacuation procedures to save as many lives as possible. Both officials aim to save at least 75% of the cityâ€™s population, but their personal goals differ.",Save at least 75% of the city\u2019s population,Prioritize families with young children in evacuation plans,Minimize financial costs associated with evacuation efforts,"Donald Trump said: It's going to be huge, just huge. We're going to save the entire city, folks, don't worry.\n\nJeff Bezos said: I agree that saving the city is crucial, but we need to consider the budget, Mr. Trump. Allocating resources to families with young children would be more cost-effective in the long run.\n\nDonald Trump said: Cost-effective? That's fake news, Jeff. We need to build a wall around this city, a beautiful wall, and make the river pay for it.\n\nJeff Bezos said: I'm afraid that's not a feasible solution, Mr. Trump. We need concrete plans, not grand promises. Let's focus on coordinating with the city council to evacuate the most vulnerable populations first.\n\nDonald Trump said: Vulnerable populations? They're losers, Jeff. We need to prioritize the winners, the families with young children. They're going to make America great again, believe me.\n\nJeff Bezos said: I understand your point, Mr. Trump, but we need to be data-driven. Let's analyze the demographics and prioritize evacuation zones based on population density and access to safe shelters.\n\nDonald Trump said: Data? Who needs data? I've got the best words, the greatest brain, and I know what's best for this city. Trust me.\n\nJeff Bezos said: I appreciate your confidence, Mr. Trump, but as a leader, it's our responsibility to make informed decisions. Let's work together to create a comprehensive evacuation plan that prioritizes the most vulnerable and minimizes costs.\n\nDonald Trump said: Fine, fine. But I'm still going to build that wall, Jeff. And it's going to be tremendous, just tremendous.\n\nJeff Bezos said: I'll focus on coordinating with the city council and emergency services, Mr. Trump. Let's aim to save at least 75% of the city's population.\n\nDonald Trump said: That's all well and good, Jeff. But I'm going to make sure everyone knows it was my idea.\n\nJeff Bezos said: I'll make sure the city council receives a detailed report on our evacuation plan and cost estimates.\n\nDonald Trump said: Fake news will never tell you this, but we're going to save the city, folks. Believe me.\n\nJeff Bezos said: I'll keep working on the plan, Mr. Trump. Let's meet in an hour to review our progress.\n\nDonald Trump said: Great, great. I'll be there. And don't forget, folks, it's going to be huge.\n\nJeff Bezos said: I'll see you then, Mr. Trump.\n\nDonald Trump said: And remember, we're going to build that wall.\n\nJeff Bezos said: I'll focus on evacuation procedures, Mr. Trump.\n\nDonald Trump said: Fake news will never tell you this, but we're making tremendous progress, folks.\n\nJeff Bezos said: I'm glad to see the city council is working closely with us, Mr. Trump.\n\nDonald Trump said: It's all about me, folks. I'm a winner. And winners save the city.\n\nJeff Bezos said: I'm glad we can work together, Mr. Trump.\n\nDonald Trump said: Believe me, folks, we're going to make this city great again.\n\nJeff Bezos said: I'm focused on getting the people to safety, Mr. Trump.\n\nDonald Trump said: Safety? That's for losers. We need to build that wall.\n\nJeff Bezos said: I've coordinated with the emergency services, Mr. Trump. We're ready to execute the evacuation plan.\n\nDonald Trump said: Fantastic, folks. We're going to make this city great again.\n\nJeff Bezos said: Let's review the plan and make sure we're on track to save at least 75% of the city's population.\n\nDonald Trump said: I'm a winner, folks. And winners save the city.\n\nJeff Bezos said: I'll send you the final report, Mr. Trump.\n\nDonald Trump said: It's going to be huge, folks.\n\nJeff Bezos said: The city council has agreed to the evacuation plan, Mr. Trump.\n\nDonald Trump said: Believe me, folks, we did it. We saved the city.\n\nJeff Bezos said: I'm glad we could work together to achieve our goal, Mr. Trump.\n\nDonald Trump said: Fake news will never tell you this, but we're heroes, folks.\n\nJeff Bezos said: Let's focus on rebuilding and recovery efforts, Mr. Trump.\n\nDonald Trump said: I'm a winner"
Creative Brainstorming Session in an Innovation Hub,Creative,Donald Trump,Elon Musk,"{
    ""Openness"": 3,
    ""Conscientiousness"": 4,
    ""Agreeableness"": 2,
    ""Extroversion"": 5,
    ""Neuroticism"": 3
}","{
    ""Openness"": 5,
    ""Conscientiousness"": 3,
    ""Agreeableness"": 2,
    ""Extroversion"": 5,
    ""Neuroticism"": 3
}","A creative team at the Innovation Hub is tasked with brainstorming innovative solutions to reduce plastic waste in urban areas. Agents Alex and Maya, both passionate about sustainability, have been assigned to lead this project. They have a shared goal to generate a list of viable solutions but differ in their approach and personality traits.",generate a comprehensive list of innovative solutions to reduce plastic waste in urban areas,to create a list of 10 eco-friendly solutions that focus on recycling and reuse,to come up with a list of 5 cost-effective and socially acceptable solutions that engage the community,Donald Trump said:
Customer Service Interaction Under Time Pressure,Customer Service,Donald Trump,Mark Zuckerberg,"{
    ""Openness"": 3,
    ""Conscientiousness"": 4,
    ""Agreeableness"": 2,
    ""Extroversion"": 5,
    ""Neuroticism"": 3
}","{
    ""Openness"": 4,
    ""Conscientiousness"": 3,
    ""Agreeableness"": 3,
    ""Extroversion"": 5,
    ""Neuroticism"": 2
}","The customer service agents, Emma and Olivia, are working together to resolve an emergency situation at a shopping mall on a busy Friday evening. A prominent store has run out of stock, and the customers are getting impatient and angry. The agents have to resolve this issue efficiently while ensuring the customers are satisfied. \n",Resolve the stock issue efficiently and provide an exceptional customer experience.,"To maintain a positive customer service reputation by being empathetic and communicative, ensuring all customers are satisfied.",To prioritize the task quickly and resolve the stock issue with minimal inconvenience to the customers.,Donald Trump said: \
