Topic,Setting,Character1,Character2,Personality1,Personality2,scenario,shared_goal,first_agent_goal,second_agent_goal,interaction,Character 1 evaluation,Character 2 evaluation
Office Collaboration with a Tight Deadline,Professional ,Oprah Winfrey,Sheryl Sandberg,"{
    ""Openness"": 4,
    ""Conscientiousness"": 4,
    ""Agreeableness"": 5,
    ""Extroversion"": 5,
    ""Neuroticism"": 3
}","{
    ""Openness"": 3,
    ""Conscientiousness"": 5,
    ""Agreeableness"": 4,
    ""Extroversion"": 4,
    ""Neuroticism"": 2
}",Office Collaboration with a Tight Deadline,Present a high-quality marketing campaign within 48 hours,Get the opportunity to present the marketing campaign,Gain recognition and appreciation from their manager,"Oprah Winfrey said: Hi, Sheryl! I'm so excited to be working with you on this project.\n\nSheryl Sandberg said: Great to see you too, Oprah. Let's get started on that marketing campaign. I've been thinking, we should really focus on social media platforms to reach the widest audience.\n\nOprah Winfrey said: Absolutely, that's a fantastic idea. I've been doing some research and I think we should target the 18-35 age group. We can really speak to their values and aspirations.\n\nSheryl Sandberg said: That's a good point, but we need to be strategic about it. We can't afford to waste any resources, so I've made a list of all the tasks that need to be done. Let's prioritize them and assign them accordingly.\n\nOprah Winfrey said: Sounds like a plan. I'll start working on the creative content while you finalize the logistics. And don't worry, I'll make sure to get the data analysis done as well.\n\nSheryl Sandberg said: Great, thanks Oprah. I appreciate your willingness to help. Now, let's review the timeline and make sure we're on track to meet the deadline.\n\nOprah Winfrey said: I'm feeling good about it. We've got this! *puts on upbeat music*\n\nSheryl Sandberg said: *sighs and looks at her watch* I hope we can finish this on time. Our manager is counting on us.\n\nOprah Winfrey said: Don't worry, Sheryl. We're in this together. And I'm sure our hard work will pay off. *gives Sheryl a reassuring smile*\n\nSheryl Sandberg said: *smiles back* Thanks, Oprah. You're always so optimistic.\n\nOprah Winfrey said: That's because I'm a glass-half-full kind of person! *laughs*\n\nSheryl Sandberg said: *smiling* Yeah, I guess that's why you're always the most popular person in the room.\n\nOprah Winfrey said: *laughs* Well, it's not just about me. It's about the energy we bring to the table. And I think we're making great progress on this project.\n\nSheryl Sandberg said: I agree. We're really getting somewhere. *nods*\n\nOprah Winfrey said: Exactly! And our collaboration is what's making it happen. We're a great team, Sheryl!\n\nSheryl Sandberg said: *smiling* Thanks, Oprah. I'm glad we're working together.\n\nOprah Winfrey said: Me too! Now, let's review the final draft and make sure everything is perfect.\n\nSheryl Sandberg said: Okay, I've got the revised document right here. Let's go over it together.\n\nOprah Winfrey said: Sounds good to me! *excitedly takes the document and starts reading* Oh, I love this! This is amazing, Sheryl!\n\nSheryl Sandberg said: *smiling* Thanks, Oprah. I'm glad you like it.\n\nOprah Winfrey said: We did it, Sheryl! We finished the campaign ahead of schedule and it's amazing! Our manager is going to love it.\n\nSheryl Sandberg said: *smiling* I knew we could do it. And I'm sure our manager will appreciate all the hard work we put in.\n\nOprah Winfrey said: *smiling* And I'm sure we'll both get the recognition we deserve. *gives Sheryl a high-five*\n\nSheryl Sandberg said: *laughs and high-fives Oprah back* Ah, I think I'm already getting a promotion in my mind!\n\nOprah Winfrey said: *laughs* Well, you deserve it, Sheryl. You've been an amazing partner on this project.\n\nSheryl Sandberg said: Thanks, Oprah. I couldn't have done it without you. Let's celebrate!\n\nOprah Winfrey said: Absolutely! *plays celebratory music*","{'Goal': {'score': '9', 'reasoning': ""Oprah Winfrey effectively contributed to the project's progress, taking charge of the creative content, and providing optimism and reassurance to Sheryl, which helped keep her motivated and engaged. Although she didn't explicitly mention her first goal, it can be inferred that she gained the opportunity to work on the marketing campaign and likely contributed to its success, which will help her gain recognition from their manager. However, the degree to which this goal was achieved is not explicitly stated and is more of an assumption.""}}","{'Goal': {'score': '7', 'reasoning': ""Sheryl Sandberg made significant contributions to the project's progress, including organizing the tasks, prioritizing, and finalizing the logistics. She worked collaboratively with Oprah, and her input was valued. Sheryl also expressed her appreciation for Oprah's help and recognized the hard work they both put in. However, she seemed to be slightly stressed about meeting the deadline and didn't showcase her ability to gain recognition from their manager, which could be due to her less extroverted personality.""}}"
Negotiation for a Business Deal,Sales,Oprah Winfrey,Warren Buffett,"{
    ""Openness"": 4,
    ""Conscientiousness"": 4,
    ""Agreeableness"": 5,
    ""Extroversion"": 5,
    ""Neuroticism"": 3
}","{
    ""Openness"": 2,
    ""Conscientiousness"": 5,
    ""Agreeableness"": 5,
    ""Extroversion"": 3,
    ""Neuroticism"": 2
}","The scenario is set in a high-stakes business negotiation between two sales agents, Alex and Jamie, who are trying to close a significant deal with a major client. They represent the same company, but they have different personalities and negotiation styles.\n\nAlex is an introverted and analytical person who relies heavily on data and research to inform his decisions. He is detail-oriented, thorough, and tends to be cautious in his approach.\n\nJamie is an extroverted and charismatic person who focuses on building relationships and trust with clients. He is confident, persuasive, and often takes calculated risks.\n\nTheir shared goal is to close the deal with the client, but their personal goals differ: Alex wants to ensure the deal is secure and profitable for the company, while Jamie wants to break the company record for the largest deal closed.\n\nAs they meet with the client, they face challenges such as navigating the client's concerns about the deal's risks, managing their own differences in negotiation style, and presenting the deal in the most compelling way possible.\n\nThe scenario will explore how Alex and Jamie's personality traits influence their negotiation strategies, decision-making, and interactions with the client, ultimately determining which agent is more effective in achieving their shared goal.",Close the deal with the client and secure a significant contract for the company,Ensure the deal is secure and profitable for the company,Break the company record for the largest deal closed,"Oprah Winfrey said: Hello Warren, thank you for joining me in this meeting. I\u0027m excited to work together to close this deal with our new client. Warren Buffett said: Ah, Oprah, always a pleasure. I\u0027m here to help us secure the biggest deal of the year, setting a new company record. Oprah Winfrey said: Yes, that would be fantastic, but our top priority should be to ensure the deal is secure and profitable for the company. Warren Buffett said: Of course, we can\u0027t compromise on that, but let\u0027s also consider the potential for growth and expansion. Oprah Winfrey said: That\u0027s a good point, Warren, but we need to make sure we\u0027re not taking on too much risk. Warren Buffett said: I\u0027ve crunched the numbers, and I believe we can mitigate those risks. Oprah Winfrey said: I appreciate your confidence, Warren. Now, let\u0027s hear from our client, please. Warren Buffett said: *turns on a projector to display financial data* Ah, yes, as you can see, our proposal presents a strong return on investment. Oprah Winfrey said: *smiling* I see what you mean, Warren. But what about the client\u0027s concerns about the deal\u0027s flexibility? Warren Buffett said: Ah, that\u0027s a great question. * pulls out a contract* Let me address that directly. Oprah Winfrey said: *nodding* Excellent, Warren. I\u0027m glad you\u0027re taking care of that. *pauses* We should also make sure we have a clear plan for implementing the project. Warren Buffett said: Absolutely. *begins outlining a project timeline* Oprah Winfrey said: *skeptical* Warren, are you sure this timeline is realistic? Warren Buffett said: *confidently* I\u0027ve allowed for contingencies, Oprah. Don\u0027t worry. Oprah Winfrey said: *smiling* Alright, I trust your expertise. *pauses* Now, let\u0027s review the contract. Warren Buffett said: *hands over the contract* I\u0027m glad we could work together to address the client\u0027s concerns. Oprah Winfrey said: *reviewing the contract* I think we\u0027ve covered everything. *smiles* Let\u0027s make this deal happen. Warren Buffett said: *smiling* Agreed. I\u0027ll contact the client\u0027s team to finalize the details. Oprah Winfrey said: *smiling* Great, I\u0027ll get the team to work on the project plan. Warren Buffett said: *stands up* Excellent, Oprah. I\u0027m glad we could work together to secure this deal. Oprah Winfrey said: *stands up* Yes, let\u0027s do it, Warren. *exchanges a handshake* Warren Buffett said: *smiling* Looking forward to breaking that company record. Oprah Winfrey said: *smiling* And making a secure and profitable deal for the company.","{'Goal': {'score': '8', 'reasoning': ""Oprah's cautious and detail-oriented approach allowed her to effectively address the client's concerns and ensure the deal was secure and profitable for the company.""}}","{'Goal': {'score': '6', 'reasoning': 'While Warren Buffett showed confidence and a clear plan, he was slightly less focused on ensuring the deal was secure and profitable, prioritizing breaking the company record instead. He did, however, effectively mitigate risks and presented a compelling proposal.'}}"
Decision-Making in a Crisis Situation,Leadership,Oprah Winfrey,Jeff Bezos,"{
    ""Openness"": 4,
    ""Conscientiousness"": 4,
    ""Agreeableness"": 5,
    ""Extroversion"": 5,
    ""Neuroticism"": 3
}","{
    ""Openness"": 4,
    ""Conscientiousness"": 5,
    ""Agreeableness"": 3,
    ""Extroversion"": 4,
    ""Neuroticism"": 3
}",Managing a Crisis Situation in a Natural Disaster Relief Effort,Maximizing Efficiency in Rescue Operations,Minimizing Humanitarian Risks,Reducing Logistical Challenges,"Oprah Winfrey said: It's so wonderful to see you, Jeff. I'm thinking we should prioritize the safety of our rescue teams above all else. We can't put their lives at risk. Jeff Bezos said: Ah, Oprah, you always think about the people, but sometimes we have to be more strategic about our resources. We can't afford to waste time and equipment on unnecessary risks. Oprah Winfrey said: But that's exactly why we need to be careful. We've seen what can happen when people rush into situations without a plan. Jeff Bezos said: I agree that caution is key, but we can't let fear hold us back. We need to move swiftly to get aid to those in need. Oprah Winfrey said: That's exactly what I'm saying. We should have a plan in place before we send in our teams. Jeff Bezos said: Alright, let's work on a contingency plan then. But we need to make sure we're using the latest data and technology to make informed decisions. Oprah Winfrey said: That's a wonderful idea, Jeff. I'll have our team gather all the relevant information. Jeff Bezos said: Good. And I'll make sure our equipment and resources are in top condition. Oprah Winfrey said: Excellent. I think we're making great progress, Jeff. Jeff Bezos said: We are. But let's not get too comfortable. We need to stay flexible and adapt to changing circumstances. Oprah Winfrey said: Absolutely. I'll keep a close eye on the situation. Jeff Bezos said: Good. Let's review the plan in an hour and adjust as needed. Oprah Winfrey said: Sounds like a plan, Jeff. Jeff Bezos said: Alright, I'm going to go check on our supply chain logistics. Oprah Winfrey said: I'll meet you back here in an hour, Jeff. Jeff Bezos said: Great, see you then. Oprah Winfrey said: And thank you, Jeff, for your collaboration. Jeff Bezos said: It's all part of the team effort, Oprah. Oprah Winfrey said: Well, let's make sure we're a team, then. Jeff Bezos said: Agreed. Oprah Winfrey said: I'll start calling the teams to brief them on our plan. Jeff Bezos said: Good. I'll get our equipment ready for deployment.","{'Goal': {'score': '9', 'reasoning': 'Oprah Winfrey demonstrated strong goal achievement in minimizing humanitarian risks by emphasizing the importance of caution and planning in rescue operations, while also showing willingness to work collaboratively with Jeff Bezos to create a contingency plan. Her actions and dialogue were in line with her personality type, particularly her high agreeableness and conscientiousness.'}}","{'Goal': {'score': '7', 'reasoning': 'Jeff Bezos showed moderate goal achievement in reducing logistical challenges by suggesting the use of data and technology to inform decision-making and ensuring equipment and resources are in top condition. However, his initial prioritization of resources over caution may have hindered his ability to fully achieve his goal. His actions and dialogue were consistent with his personality type, particularly his high conscientiousness and extroversion, but also showed some deviation due to his lower agreeableness.'}}"
Creative Brainstorming Session in an Innovation Hub,Creative,Oprah Winfrey,Elon Musk,"{
    ""Openness"": 4,
    ""Conscientiousness"": 4,
    ""Agreeableness"": 5,
    ""Extroversion"": 5,
    ""Neuroticism"": 3
}","{
    ""Openness"": 5,
    ""Conscientiousness"": 3,
    ""Agreeableness"": 2,
    ""Extroversion"": 5,
    ""Neuroticism"": 3
}",Creative Brainstorming Session in an Innovation Hub,Create a new product that combines art and technology,Be the team leader and receive recognition for innovative ideas,Develop a sustainable and eco-friendly product that benefits society,"Oprah Winfrey said: Welcome to our creative brainstorming session, everyone! I'm so excited to be here with you all today.\nElon Musk said: Ah, let's get straight to the point, shall we? We need something innovative and sustainable.\nOprah Winfrey said: I agree, but we should also consider what our audience wants and needs. What do you think our target market would be interested in?\nElon Musk said: The market is always looking for something new and exciting. We should focus on creating something that disrupts the industry.\nOprah Winfrey said: But what if we could create something that not only disrupts the industry but also benefits the environment? I think that would be amazing.\nElon Musk said: Ah, you're thinking about the trees and the birds. I get it. But what if I told you we could create something that benefits the environment without compromising our innovative edge?\nOprah Winfrey said: Oh, I'd love to hear that! Let's see what you've got.\nElon Musk said: Well, what if we created a smart art piece that harnesses solar energy and uses it to create interactive light installations? It's like a cross between technology and art.\nOprah Winfrey said: That's absolutely beautiful! And sustainable, I love it!\nElon Musk said: See, I told you we could make it work.\nOprah Winfrey said: And I have to say, I love the way you always think outside the box, Elon.\nElon Musk said: It's all about pushing the boundaries, Oprah. Now, let's make it happen!\nOprah Winfrey said: I couldn't agree more!\nElon Musk said: I'll get the team started on the prototype. You can handle the marketing and promotion.\nOprah Winfrey said: Sounds like a plan!\nElon Musk said: I'll go start brainstorming some more ideas. I'm sure I can come up with something even better.\nOprah Winfrey said: Don't be too hard on yourself, Elon. We're all here to support each other.\nElon Musk said: Support each other? Ha! I don't need support. I'll show you what innovation looks like.\nOprah Winfrey said: Well, I think that's enough brainstorming for today. Let's take a break and come back to it fresh in the morning.\nElon Musk said: Fine, but don't think this is the end of this conversation. I'll see you tomorrow.","{'Goal': {'score': '8', 'reasoning': 'Oprah is actively engaged in the brainstorming session, ensuring that their ideas are considered and their personal goal of team leadership is addressed by delegating tasks to Elon. However, their desire for recognition for innovative ideas is partially met, as they do not directly receive recognition for their ideas in the conversation.'}}","{'Goal': {'score': '6', 'reasoning': ""Elon is initially assertive in the brainstorming session, but his goal of developing a sustainable and eco-friendly product is met with Oprah\\\\'s encouragement and collaboration. However, his desire for recognition and to be the leader of the team is not fully satisfied, as Oprah takes the initiative to wrap up the session and delegate tasks, and Elon is not the one leading the project.""}}"
Customer Service Interaction Under Time Pressure,Customer Service,Oprah Winfrey,Mark Zuckerberg,"{
    ""Openness"": 4,
    ""Conscientiousness"": 4,
    ""Agreeableness"": 5,
    ""Extroversion"": 5,
    ""Neuroticism"": 3
}","{
    ""Openness"": 4,
    ""Conscientiousness"": 3,
    ""Agreeableness"": 3,
    ""Extroversion"": 5,
    ""Neuroticism"": 2
}",A busy lunch rush at a restaurant,handle customer inquiries within a 5-minute time frame,maintain customer satisfaction through friendly and helpful responses,complete as many customer transactions as possible within the given timeframe,"Oprah Winfrey said: Ah, hello there! Welcome to Sunny Day Cafe! How can I help you today? \n Mark Zuckerberg said: I'm good, thanks. Just need to process this order. \n Oprah Winfrey said: Okay, that's great! Can I get you to fill out this form and I'll get your food ready for you? \n Mark Zuckerberg said: Yeah, just give me the total and I'll take care of it. \n Oprah Winfrey said: Okay, that'll be $12.50. Would you like to pay with card or cash? \n Mark Zuckerberg said: Card. \n Oprah Winfrey said: Great, I'll just swipe this for you. \n Oprah Winfrey said: Thank you so much for choosing Sunny Day Cafe! Enjoy your meal! \n Mark Zuckerberg said: *scans customer's order* \n Mark Zuckerberg said: *rings up the customer's order* \n Mark Zuckerberg said: *hands the customer their receipt and food* \n Mark Zuckerberg said: Have a great day! \n Oprah Winfrey said: *watches Mark ring up the customer's order, nodding in approval* \n Mark Zuckerberg said: *works quickly and efficiently, trying to complete the transaction as fast as possible* \n Oprah Winfrey said: *notices the time and gestures to Mark to hurry up* \n Oprah Winfrey said: *calls out to the next customer in line* \n Mark Zuckerberg said: *continues to ring up the order, trying to keep up with the time constraint* \n Oprah Winfrey said: *hands a customer their food and makes sure they're satisfied* \n Oprah Winfrey said: *glances at the time, worried about keeping up with the pace* \n Oprah Winfrey said: *reminds Mark that time is running out* \n Mark Zuckerberg said: *urgently* Okay, I've got this! \n Mark Zuckerberg said: *rings up the next customer's order and completes the transaction* \n Oprah Winfrey said: *watches Mark work and smiles in approval* \n Mark Zuckerberg said: *finishes the last customer's order and gives them their receipt and food* \n Oprah Winfrey said: *nods at Mark, acknowledging his hard work* \n Oprah Winfrey said: *reminds Mark that the 5-minute mark is approaching* \n Mark Zuckerberg said: *frenetically* Just a minute! I'll get it done! \n Mark Zuckerberg said: *rings up the last customer's order and completes the transaction just as the 5-minute mark is reached* \n Oprah Winfrey said: *breathes a sigh of relief* \n Mark Zuckerberg said: *exhales and smiles in satisfaction* \n Oprah Winfrey said: *smiles back at Mark, acknowledging their successful collaboration* \n Oprah Winfrey said: Great job, Mark! We did it! \n Mark Zuckerberg said: *nods, satisfied with their performance* \n Oprah Winfrey said: *claps Mark on the back* \n Oprah Winfrey said: You're a lifesaver, Mark! \n Oprah Winfrey said: *both agents breathe a sigh of relief as the lunch rush subsides*","{'Goal': {'score': '9', 'reasoning': 'Oprah Winfrey maintained a friendly and helpful attitude throughout the interaction, which contributed to customer satisfaction. She also effectively managed the time constraint by periodically reminding Mark of the time and taking care of other customers. However, she could have shown more urgency in her tone to push Mark to work faster.'}}","{'Goal': {'score': '8', 'reasoning': ""Mark Zuckerberg effectively managed his time and worked quickly to complete the transactions, especially towards the end when he was under pressure. However, his initial response to Oprah Winfrey's reminders came across as somewhat dismissive and uncaring, which may have affected customer satisfaction.""}}"
